name,address
화이트365 대치점,서울 강남구 선릉로76길 34 다영빌딩 1층
워시엔조이코인워시셀프빨래방 청담점,서울 강남구 도산대로72길 33 지하 101호
크린토피아 코인워시 선릉역점,서울 강남구 테헤란로53길 23
버블맨24셀프빨래방 언주역점,서울 강남구 언주로103길 40 1층
워시엔조이 선릉역점,서울 강남구 테헤란로43길 30
화이트365 강남점,서울 강남구 학동로43길 33
크린토피아 코인워시 강남언주역점,서울 강남구 봉은사로25길 13
화이트365 강남논현점,서울 강남구 학동로30길 43
워시엔조이 대치점,서울 강남구 삼성로69길 11
크린토피아 코인워시 잠원본점,서울 서초구 신반포로45길 32 1층
워시엔조이 삼성점,서울 강남구 봉은사로71길 32 1층
워시엔조이 강남논현점,서울 강남구 강남대로128길 21 1층
크린토피아 코인워시365 역삼1동점,서울 강남구 봉은사로44길 43 오빌벤처센터 1층
셀빨래방 잠원점,서울 서초구 강남대로97길 65
런드리존 논현점,서울 강남구 학동로20길 49 1층
위니아24크린샵 역삼점,서울 강남구 테헤란로37길 41
자탁소셀프빨래방 잠원점,서울 서초구 신반포로43길 23-6
크린토피아 코인워시 반포언구비점,서울 서초구 강남대로83길 64-2 102호
더런드리 역삼점,서울 강남구 선릉로107길 25 1층
더런드리 논현점,서울 강남구 논현로123길 31 103호
위워시 반포점,서울 서초구 사평대로55길 65-9
워시엔조이 반포점,서울 서초구 주흥길 78
세탁나눔방24시,서울 강남구 도산대로85길 30 2층
더런드리 강남반포점,서울 서초구 사평대로53길 93-19
크린업24 반포점,서울 서초구 주흥6길 38-2
더런드리 대치2호점,서울 강남구 삼성로69길 27
워시테리아 대치점,서울 강남구 삼성로75길 52 1층
크린업24 강남논현점,서울 강남구 강남대로124길 47
위니아24크린샵 삼성점,서울 강남구 삼성로103길 12 1층
펭귄에이전시 (penguin agency),서울 강남구 봉은사로69길 27
크린토피아 코인워시365 청담경원점,서울 강남구 도산대로 446 경원하이츠텔 1층
크린토피아 코인워시365 청담경원점,서울 강남구 도산대로 446 경원하이츠텔 1층
크린토피아 코인워시365 청담경원점,서울 강남구 도산대로 446 경원하이츠텔 1층
워시테리아 천호점,서울 강동구 올림픽로 660 1층
런드로멧24셀프빨래방 성내점,서울 강동구 천호대로170길 27
코인워시24 길동점,서울 강동구 양재대로124길 85
셀피아 구의동점,서울 광진구 아차산로63길 7
24시셀프빨래방,서울 강동구 풍성로37가길 9
워시엔조이 길동점,서울 강동구 진황도로49길 46
크린토피아 코인워시 강동둔촌역점,서울 강동구 풍성로54길 41 1층
화이트365 강동역점,서울 강동구 진황도로 45-1
워시엔조이 셀프빨래방 강동점,서울 강동구 올림픽로 572 코오롱2차아파트상가 101동 109호
24시셀프빨래방,서울 강동구 구천면로42길 65
화이트365 방이점,서울 송파구 오금로11길 55-8
화이트365 송파풍납점,서울 송파구 올림픽로47길 20
셀프빨래방,서울 강동구 성안로25길 21 103호
크린토피아 코인워시 강동구청점,서울 강동구 성내로 73
24시 셀프빨래방 풍납점,서울 송파구 올림픽로51길 40
셀피아 길동점,서울 강동구 양재대로124길 40 103호
위니아대우24크린샵셀프빨래방 서울둔촌점,서울 강동구 풍성로65길 76
워시스토리셀프빨래방 강동성내타운점,서울 강동구 양재대로103길 59 메이저하우스 1층 101호
워시테리아 길동점,서울 강동구 천호대로199길 25
24시셀프빨래방 천호2호점,서울 강동구 구천면로41길 33
코인워시 길동점,서울 강동구 천중로49길 10
코인워시24빨래터 풍납점,서울 송파구 풍성로25길 23
뽀송뽀송코인워시 홈플러스 잠실점,서울 송파구 올림픽로35가길 16 지하 1층
셀빨래방 성내점,서울 강동구 양재대로 1385
크린업셀프빨래방 천호점,서울 강동구 진황도로27길 47
크린업24 길동점,서울 강동구 양재대로124길 32
워시프렌즈 성내점,서울 강동구 양재대로87길 53
퍼크로셀프세탁,서울 강동구 길동 26
셀프빨래방,서울 강동구 양재대로89길 53
셀빨래방,서울 강동구 천중로35길 22
셀피아 둔촌점,서울 강동구 명일로 166 1층
천호사,서울 강동구 상암로27길 16
화이트365 천호점,서울 강동구 올림픽로89길 27-30 1층
셀피아 둔촌점,서울 강동구 명일로 166 1층
천호사,서울 강동구 상암로27길 16
화이트365 천호점,서울 강동구 올림픽로89길 27-30 1층
셀피아 둔촌점,서울 강동구 명일로 166 1층
천호사,서울 강동구 상암로27길 16
화이트365 천호점,서울 강동구 올림픽로89길 27-30 1층
크린토피아 코인워시 수유5동점,서울 강북구 수유로 58-1 1층
크린토피아 코인워시 쌍문중앙점,서울 도봉구 도봉로110나길 62 1층
크린토피아 코인워시365 강북구청점,서울 강북구 한천로139나길 11
화이트365 미아점,서울 강북구 솔매로44길 27
워시하우스 창동점,서울 도봉구 해등로16다길 14 1층
크린토피아 코인워시 미아역점,서울 강북구 도봉로65길 13
워시하우스 번동점,서울 강북구 한천로132길 34 1층
크린토피아 코인워시365 수유1동주민센터점,서울 강북구 삼양로77길 20
코인워시24 수유점,서울 강북구 도봉로76길 16
워시엔조이 강북수유점,서울 강북구 삼양로 485 1층
24시셀프빨래방,서울 도봉구 덕릉로60길 9
크린토피아 코인워시 쌍문점,서울 도봉구 노해로41길 22 1층
크린토피아 코인워시 강북우이시장점,서울 강북구 한천로160길 9 1층
크린토피아 코인워시 수유벽산점,서울 강북구 삼양로112길 29 1층
크린토피아 코인워시365 수유3동점,서울 강북구 노해로11길 31
크린토피아 코인워시365 덕성여대점,서울 도봉구 우이천로 481-1 덕성블루빌 1층
워시프렌즈 창동녹천역점,서울 도봉구 덕릉로 398 주공17단지복합상가 103호
크린토피아 코인워시365 신창초교점,서울 도봉구 우이천로12길 29
화이트365 수유시장점,서울 강북구 삼양로74길 76
셀프빨래방 창동점,서울 도봉구 도봉로104길 103 1층 24시 셀프 빨래방
워시하우스 수유점,서울 강북구 도봉로95길 34 1층
크린업24 번동점,서울 강북구 오현로31길 13
워시엔조이 쌍문점,서울 도봉구 우이천로 346-9 1층
위워시 번동점,서울 강북구 한천로132길 63
크린업24 수유점,서울 강북구 인수봉로78길 31
워시엔조이 쌍문2동점,서울 도봉구 도봉로125길 48
크린토피아 코인워시 수유역점,서울 강북구 도봉로97길 26 1층
엔조이,서울 강북구 도봉로87길 3-10
크린업24 강북구청점,서울 강북구 한천로140길 11-14
워시프렌즈셀프빨래방 노원월계2동점,서울 노원구 초안산로5길 12
화이트365 창동점,서울 도봉구 도봉로106길 71
더런드리 쌍문점,서울 도봉구 노해로 234 1층
코인워시인덕대점,서울 노원구 초안산로2라길 23
코인워시24 수유4.19점,서울 강북구 삼각산로 144
해피워시24코인워시 수유점,서울 강북구 도봉로 290 106호
화이트365 화계역점,서울 강북구 삼양로85길 46
크린토피아 코인워시365 노원인덕대점,서울 노원구 초안산로2라길 23
런드리나인 셀프빨래방 오패산점,서울 강북구 오패산로52길 45
크린토피아 코인워시365 도봉신화초교점,서울 도봉구 우이천로4라길 37 1층
더런드리셀프빨래방 쌍문점,서울 도봉구 노해로 234
워시엔조이 셀프빨래방 수유역점,서울 강북구 오패산로77길 13-1 다우빌딩 1층
버블맨24 수유1호점,서울 강북구 노해로23길 17
스피드퀸,서울 강북구 한천로109길 82
화이트365 창동점,서울 도봉구 도봉로106길 71
더런드리 쌍문점,서울 도봉구 노해로 234 1층
코인워시인덕대점,서울 노원구 초안산로2라길 23
코인워시24 수유4.19점,서울 강북구 삼각산로 144
해피워시24코인워시 수유점,서울 강북구 도봉로 290 106호
화이트365 화계역점,서울 강북구 삼양로85길 46
크린토피아 코인워시365 노원인덕대점,서울 노원구 초안산로2라길 23
런드리나인 셀프빨래방 오패산점,서울 강북구 오패산로52길 45
크린토피아 코인워시365 도봉신화초교점,서울 도봉구 우이천로4라길 37 1층
더런드리셀프빨래방 쌍문점,서울 도봉구 노해로 234
워시엔조이 셀프빨래방 수유역점,서울 강북구 오패산로77길 13-1 다우빌딩 1층
버블맨24 수유1호점,서울 강북구 노해로23길 17
스피드퀸,서울 강북구 한천로109길 82
화이트365 창동점,서울 도봉구 도봉로106길 71
더런드리 쌍문점,서울 도봉구 노해로 234 1층
코인워시인덕대점,서울 노원구 초안산로2라길 23
코인워시24 수유4.19점,서울 강북구 삼각산로 144
해피워시24코인워시 수유점,서울 강북구 도봉로 290 106호
화이트365 화계역점,서울 강북구 삼양로85길 46
크린토피아 코인워시365 노원인덕대점,서울 노원구 초안산로2라길 23
런드리나인 셀프빨래방 오패산점,서울 강북구 오패산로52길 45
크린토피아 코인워시365 도봉신화초교점,서울 도봉구 우이천로4라길 37 1층
더런드리셀프빨래방 쌍문점,서울 도봉구 노해로 234
워시엔조이 셀프빨래방 수유역점,서울 강북구 오패산로77길 13-1 다우빌딩 1층
버블맨24 수유1호점,서울 강북구 노해로23길 17
스피드퀸,서울 강북구 한천로109길 82
크린업24 셀프빨래방 마곡점,서울 강서구 강서로 433 마곡오드카운티2차 121호
크린토피아 코인워시 목2동주민센터점,서울 양천구 목동중앙본로 88-1 윤순빌딩 1층
더런드리 가양점,서울 강서구 양천로 443-36 103호
크린토피아 코인워시 화곡보람점,서울 강서구 까치산로4길 36 1층
워시테리아 신월점,서울 양천구 월정로50길 18-1
크린업24셀프빨래방 등촌점,서울 강서구 화곡로68길 132
워시엔조이 등촌역점,서울 강서구 공항대로57길 27
크린토피아 코인워시 목3동주민센터점,서울 양천구 목동중앙북로8길 64
워시엔조이 화곡점,서울 강서구 화곡로25길 35
코인워시24빨래터 강서구청점,서울 강서구 까치산로 101
워시스토리 목2동점,서울 양천구 목동중앙북로16길 24 1층
버블맨24 신목동점,서울 양천구 목동중앙로13가길 14
크린업24 가양역점,서울 강서구 화곡로68길 16 한빛더웨스트윙스
워시엔조이 셀프빨래방 강서마곡점,서울 강서구 방화대로8길 38 1층
셀빨래방 화곡점,서울 강서구 까치산로 123
크린토피아 코인워시 목동시장점,서울 양천구 목동중앙남로 72 공덕빌라 1층 104호
백의민족 셀프빨래방 등촌점,서울 강서구 등촌로39길 17 1층 2호
워시하우스,서울 강서구 공항대로 213 보타닉파크타워2 913호
코인워시24 목동점,서울 양천구 목동중앙북로8라길 34 1층 101호
크린토피아 코인워시 강서마곡벨리오점,서울 강서구 강서로 439 벨리오 110호
크린토피아 코인워시 강서등촌주민센터점,서울 강서구 양천로60길 60 이수빌딩  1층
크린업24 염창점,서울 강서구 공항대로65길 65
크린토피아 코인워시 화곡6동점,서울 강서구 화곡로50길 16 1층
아쿠아워시 강서구청사거리점,서울 강서구 화곡로64길 2 경동미르웰상가 1층
크린업24셀프빨래방 내발산점,서울 강서구 강서로48길 33 1층
크린토피아 코인워시365 등촌진로아파트점,서울 강서구 화곡로63길 133 1층
워시테리아빨래방 목동점,서울 양천구 목동중앙본로 24 1층
워시테리아 화곡점,서울 강서구 화곡로31길 79 1층
크린토피아 코인워시 강서마곡6단지점,서울 강서구 마곡서1로 100 6단지 상가 101호
AMPM워시큐 마곡나루역점,서울 강서구 마곡중앙5로 6
브로스셀프빨래방 화곡점,서울 강서구 강서로37길 17 1층
크린토피아 코인워시 강서마곡11단지점,서울 강서구 공항대로 124 11단지 상가
아쿠아워시 서울강서화곡동점,서울 강서구 화곡로 346 귀뚜라미홈시스텔 1층 106호
워시타임 화곡8동점,서울 강서구 초록마을로32길 1
크린업24 화곡3동점,서울 강서구 화곡로13길 137
더런드리 목동중앙점,서울 양천구 목동중앙남로14가길 49 1층
24시셀프빨래방 신이주단지점,서울 강서구 방화대로6길 24 1층
크린토피아 코인워시 목동강서고교점,서울 양천구 목동중앙남로 7 1층
워시프렌즈 마곡점,서울 강서구 강서로 447 미르웰플러스 오피스텔 113호
크린토피아 코인워시 강서점,서울 강서구 곰달래로59길 67 1층
크린토피아 코인워시 마곡역점,서울 강서구 마곡중앙6로 10 센트럴푸르지오시티 1층 118호
워시엔조이 마곡역점,서울 강서구 마곡중앙6로 10 센트럴푸르지오시티 상가 1층 111호
워시프렌즈 서울까치산점,서울 강서구 곰달래로27길 91
워시프렌즈 양천구목4동점,서울 양천구 목동중앙본로 31 1층 101호
크린업24 강서화곡6동점,서울 강서구 우장산로16길 36
크린토피아 코인워시365 화곡신정점,서울 강서구 등촌로13바길 37 1층
워시프레쉬 화곡점,서울 강서구 초록마을로 46 한울캐스빌 101호
워시스토리셀프빨래방 화곡봉제산점,서울 강서구 초록마을로 129
AMPM워시큐 셀프빨래방 발산역점,서울 강서구 강서로 405 우성르보아1차 106호
크린업24 화곡본동점,서울 강서구 까치산로 93
워시테리아 등촌점,서울 강서구 등촌로39가길 11 1층
워시프렌즈 서울마곡동점,서울 강서구 강서로 447 미르웰플러스오피스텔 1층 113호
크린업24 우장산점,서울 강서구 강서로50길 72
코런런드리 내발산점,서울 강서구 강서로45라길 35
코런24시셀프빨래방,서울 양천구 등촌로 142
화이트24셀프빨래방 발산점,서울 강서구 강서로 411 마곡에비앙오피스텔 1층 109호
우리셀프빨래방협동조합 강서구청점,서울 강서구 까치산로 101
크린토피아 코인워시365 화곡신정점,서울 강서구 등촌로13바길 37 1층
워시프레쉬 화곡점,서울 강서구 초록마을로 46 한울캐스빌 101호
워시스토리셀프빨래방 화곡봉제산점,서울 강서구 초록마을로 129
AMPM워시큐 셀프빨래방 발산역점,서울 강서구 강서로 405 우성르보아1차 106호
크린업24 화곡본동점,서울 강서구 까치산로 93
워시테리아 등촌점,서울 강서구 등촌로39가길 11 1층
워시프렌즈 서울마곡동점,서울 강서구 강서로 447 미르웰플러스오피스텔 1층 113호
크린업24 우장산점,서울 강서구 강서로50길 72
코런런드리 내발산점,서울 강서구 강서로45라길 35
코런24시셀프빨래방,서울 양천구 등촌로 142
화이트24셀프빨래방 발산점,서울 강서구 강서로 411 마곡에비앙오피스텔 1층 109호
우리셀프빨래방협동조합 강서구청점,서울 강서구 까치산로 101
크린토피아 코인워시 관악대학동점,서울 관악구 신림로17길 42 1층
화이트365 봉천2호점,서울 관악구 청룡7길 28 1층
24셀프빨래방 더런드리 봉천점,서울 관악구 관악로15길 39
코인워시24빨래터 낙성대점,서울 관악구 남부순환로244길 26
화이트365 신림점,서울 관악구 신림로67길 14
크린토피아 코인워시 신림성모성당점,서울 관악구 신림로68길 43 1층
크린토피아 코인워시 사당역점,서울 동작구 사당로26길 130-3
24시간셀프빨래방 은천점,서울 관악구 양녕로1길 48
빨리셀프크리닝,서울 관악구 신림로 224
24시셀프빨래방,서울 관악구 호암로24길 12
크린업24셀프빨래방 관악신림점,서울 관악구 신림로64길 71
워시프렌즈 관악신림동점,서울 관악구 신림로14길 29 성문독서실 1층
크린토피아 코인워시 숭실대역점,서울 동작구 상도로62길 13
크린토피아 코인워시 사당두성점,서울 동작구 동작대로29길 69 110호
크린토피아 코인워시 봉천중앙시장점,서울 관악구 관악로 211 1층
크린토피아 코인워시 방배롯데캐슬점,서울 서초구 청두곶9길 22 1층
AMPM워시큐 신림점,서울 관악구 신림로48길 6
화이트365 관악신원점,서울 관악구 신원로3가길 6
더런드리 신림점,서울 관악구 봉천로4길 28 1층
화이트365 사당점,서울 관악구 남현길 68
펭귄하우스 남현1호점,서울 관악구 승방4길 10 101호
코인워시24 셀프빨래방 사당역점,서울 동작구 남부순환로 2027
화이트365 이수역점,서울 동작구 동작대로15길 65 1층
위니아24크린샵 방배2호점,서울 서초구 방배중앙로25길 38
워시엔조이 신림역점,서울 관악구 관천로10길 4
크린토피아 코인워시 신림문화의거리점,서울 관악구 신림동길 42
파란빨래방,서울 관악구 남부순환로230길 55 1층
퍼펙트코인빨래방,서울 관악구 은천로 14 쁘띠그린힐 1층
더런드리셀프빨래방 청룡점,서울 관악구 청룡길 26
워시엔조이셀프빨래방 관악청룡점,서울 관악구 청룡3길 1 1층
코인워시24빨래터 신림점,서울 관악구 호암로 579
워시라움 신림쑥고개점,서울 관악구 쑥고개로2길 43 1층
크린토피아 코인워시 관악드림타운점,서울 관악구 은천로25길 69 에이플러스프라자 1층 112호
워시프렌즈셀프빨래방 서울사당점,서울 동작구 사당로26길 67 1층
워시엔조이 낙성대점,서울 관악구 인헌길 71
워시엔조이 신림점,서울 관악구 신림로23길 65 인진빌딩
크린업24 난곡점,서울 관악구 난곡로31길 8
런드리익스프레스 인헌점,서울 관악구 인헌3나길 2 1층
화이트365 낙성대역점,서울 관악구 남부순환로 1929-9 더케이트 1층 102호
크린업24 사당점,서울 동작구 사당로16가길 49
셀프크리닝,서울 관악구 신원로3길 14
워시엔조이 셀프빨래방 신림난곡점,서울 관악구 법원단지길 48 유진빌딩 1층
서울대입구점런드리익스프레스샵,서울 관악구 관악로13길 20
워시프렌즈 사당남성역점,서울 동작구 사당로 178
셀프빨래방 중앙점,서울 관악구 중앙1길 11
클린업24시 셀프빨래방 서울대점,서울 관악구 신림로12길 17
빨리셀프크리닝,서울 동작구 상도로 410
크린업24 셀프빨래방 대학동서울대점,서울 관악구 신림로17길 59 동원빌딩 1층
셀피아셀프빨래방 사당점,서울 동작구 동작대로11길 103 1층
런드리카페 셀프빨래방 신림점,서울 관악구 신림로23길 65
더런드리셀프빨래방 서울대입구점,서울 관악구 행운1마길 2 태우미소가 1층
셀빨래방 보라매점,서울 동작구 보라매로3길 29
자탁소 셀프빨래방 쑥고개점,서울 관악구 청룡8길 76
화이트365 관악신원2호점,서울 관악구 남부순환로168가길 4
워시엔조이 서울대입구점,서울 관악구 행운1길 40
화이트빨래방 신림역점,서울 관악구 신림로58길 8-7
파란런드리하우스,서울 관악구 서림길 97
24시셀프빨래방,서울 관악구 신림로11길 71
크린토피아 코인워시 이수극동점,서울 동작구 동작대로29길 119 극동아파트 106동 17번18번
늘푸른 셀프드라이크리닝 신림동점,서울 관악구 난곡로26길 90
클린업24시 셀프빨래방 서울대점,서울 관악구 신림로12길 17
빨리셀프크리닝,서울 동작구 상도로 410
크린업24 셀프빨래방 대학동서울대점,서울 관악구 신림로17길 59 동원빌딩 1층
셀피아셀프빨래방 사당점,서울 동작구 동작대로11길 103 1층
런드리카페 셀프빨래방 신림점,서울 관악구 신림로23길 65
더런드리셀프빨래방 서울대입구점,서울 관악구 행운1마길 2 태우미소가 1층
셀빨래방 보라매점,서울 동작구 보라매로3길 29
자탁소 셀프빨래방 쑥고개점,서울 관악구 청룡8길 76
화이트365 관악신원2호점,서울 관악구 남부순환로168가길 4
워시엔조이 서울대입구점,서울 관악구 행운1길 40
화이트빨래방 신림역점,서울 관악구 신림로58길 8-7
파란런드리하우스,서울 관악구 서림길 97
24시셀프빨래방,서울 관악구 신림로11길 71
크린토피아 코인워시 이수극동점,서울 동작구 동작대로29길 119 극동아파트 106동 17번18번
늘푸른 셀프드라이크리닝 신림동점,서울 관악구 난곡로26길 90
크린토피아 코인워시 서울숲힐스테이트점,서울 성동구 뚝섬로5길 11 1층
크린토피아 코인워시 광진자양시장점,서울 광진구 자양로13길 73-1 안모빌딩 1층
워시엔조이 화양점,서울 광진구 능동로17길 55
클린클린24시 셀프빨래방 건대점,서울 광진구 군자로3길 11
코인워시24빨래터 KCLA광진점,서울 광진구 능동로7길 50
셀피아 구의동점,서울 광진구 아차산로63길 7
클린클린24시셀프빨래방 화양점,서울 광진구 동일로24길 29
코인워시 24 건대점,서울 광진구 능동로13길 81-1
햇빛촌24시 셀프빨래터 중곡2호점,서울 광진구 천호대로125길 10
화이트365 자양점,서울 광진구 뚝섬로54길 10
아쿠아워시 구의점,서울 광진구 아차산로 431 강변SK뷰 주상복합 3동 B104호
화이트365 구의점,서울 광진구 아차산로53길 51-10
세탁나눔방24시,서울 강남구 도산대로85길 30 2층
코인워시 24 세종대점,서울 광진구 면목로 9
더화이트셀프빨래방 성수동본점,서울 성동구 성수일로11길 15 102호
워시라움 아차산점,서울 광진구 자양로 301
셀피아 서울성수동점,서울 성동구 성덕정17길 3
셀피아 아차산점,서울 광진구 자양로50길 44
셀피아 자양동점,서울 광진구 자양로 113
화이트365 건대입구역점,서울 광진구 동일로24길 56
코인워시24 능동어린이대공원점,서울 광진구 천호대로112길 29
24시셀프빨래방 자양점,서울 광진구 뚝섬로55길 17
워시프레쉬셀프빨래방 군자세종대점,서울 광진구 군자로 76
워시엔조이 구의점,서울 광진구 구의로 37
유니셀프 화양점,서울 광진구 동일로24길 6 선우빌 102호
워시엔조이 자양점,서울 광진구 자양로3길 70
크린업24 화양점,서울 광진구 아차산로23길 67 1층
버블맨24셀프빨래방 자양점,서울 광진구 자양로13길 27
우리셀프빨래협동조합 세종대점,서울 광진구 면목로 9
워시엔조이 군자점,서울 광진구 동일로52길 21
런드리익스프레스 구의점,서울 광진구 아차산로49길 36 1층
워시팡팡 자양광진점,서울 광진구 아차산로42길 58
워시스토리셀프빨래방 광진구광장점,서울 광진구 광장로 65
워시스토리 서울광장점,서울 광진구 광장로 65
워시엔조이 송정점,서울 성동구 광나루로11길 10
셀프빨래방,서울 광진구 천호대로112길 29
우리셀프빨래방,서울 성동구 성수이로 69
우리셀프빨래방협동조합,서울 성동구 성수이로 69 삼화빌딩 2층
워시피플셀프빨래방광진구화양동점,서울 광진구 동일로 178
런드리익스프레스 구의점,서울 광진구 아차산로49길 36 1층
워시팡팡 자양광진점,서울 광진구 아차산로42길 58
워시스토리셀프빨래방 광진구광장점,서울 광진구 광장로 65
워시스토리 서울광장점,서울 광진구 광장로 65
워시엔조이 송정점,서울 성동구 광나루로11길 10
셀프빨래방,서울 광진구 천호대로112길 29
우리셀프빨래방,서울 성동구 성수이로 69
우리셀프빨래방협동조합,서울 성동구 성수이로 69 삼화빌딩 2층
워시피플셀프빨래방광진구화양동점,서울 광진구 동일로 178
런드리익스프레스 구의점,서울 광진구 아차산로49길 36 1층
워시팡팡 자양광진점,서울 광진구 아차산로42길 58
워시스토리셀프빨래방 광진구광장점,서울 광진구 광장로 65
워시스토리 서울광장점,서울 광진구 광장로 65
워시엔조이 송정점,서울 성동구 광나루로11길 10
셀프빨래방,서울 광진구 천호대로112길 29
우리셀프빨래방,서울 성동구 성수이로 69
우리셀프빨래방협동조합,서울 성동구 성수이로 69 삼화빌딩 2층
워시피플셀프빨래방광진구화양동점,서울 광진구 동일로 178
셀프 코인 빨래방,서울 영등포구 도영로 45-1
크린토피아 코인워시 구로5동점,"서울 구로구 가마산로27길 24 순영웰라이빌1차 1층 113,114호"
24시 셀프빨래방,서울 금천구 독산로108길 63
워시피플 신길광장공원점,서울 영등포구 도림로69길 6-1 엘리시안 1층
워시테리아셀프빨래방 구로점,서울 구로구 공원로7길 29
워시엔조이 신대방역점,서울 관악구 남부순환로151길 54
워시엔조이 구로디지털단지점,서울 영등포구 시흥대로 595 H하우스대림 뉴스테이트 상가 102호
코인워시24빨래터 구로점,서울 구로구 구로동로18길 34
24시셀프빨래방파란난곡사거리점,서울 관악구 난곡로57길 36
크린업24셀프빨래방 철산점,경기 광명시 시청로 39
스피드워시24,서울 관악구 조원로 97-1
워시큐 신대방역점,서울 관악구 신사로20길 50
워시프렌즈셀프빨래방 서울구로4동점,서울 구로구 구로동로28길 55
화이트365 신도림점,서울 구로구 공원로8길 25 1층
크린토피아 코인워시 GS신길주유소점,서울 영등포구 신길로 74
런드리업셀프세탁방,서울 구로구 경인로47길 126-5
백의민족 셀프빨래방 신정점,서울 양천구 목동남로2길 25 1층 2호
선데이런드리,서울 영등포구 가마산로 504-1
구일셀프빨래방,서울 구로구 구일로10길 27
코인워시24 빨래터 구로디지털점,서울 구로구 시흥대로 525
더런드리 신도림점,서울 구로구 신도림로 20
파란빨래방 난곡사거리점,서울 관악구 난곡로57길 36 1층
크린업24셀프빨래방,서울 구로구 개봉로12길 35-4
코인워시24시빨래방,서울 구로구 시흥대로 525
화이트365 신대방역점,서울 관악구 조원로 143
워시테리아 남구로점,서울 구로구 디지털로27길 86 1층
워시프렌즈 서울구로구청점,서울 구로구 구로중앙로18길 40 102호
워시프레쉬셀프빨래방 신도림포스빌,서울 구로구 새말로 102
크린업24 구로점,서울 구로구 디지털로27라길 39-2
JJ런드로맷카페,서울 관악구 조원로2가길 25 1층
워시팡팡 셀프 빨래방 신대방역점,서울 관악구 조원로18길 13
버블맨24 신대방점,서울 동작구 신대방3길 28 1층
워시팡팡 구로점,서울 구로구 가마산로 265 한솔로이젠트 104호
워시테리아 대림점,서울 영등포구 대림로8길 8
워시맨 도림초점,서울 영등포구 가마산로65길 19-2 1층
24시 셀프빨래터,경기 광명시 광복로 44
24시셀프빨래방,서울 관악구 조원중앙로1길 49
워시클리어셀프빨래방,서울 동작구 신대방1가길 57
워시팡팡 신림1호점,서울 관악구 조원중앙로1길 49
워시팡팡 셀프 빨래방 신대방역점,서울 관악구 조원로18길 13
버블맨24 신대방점,서울 동작구 신대방3길 28 1층
워시팡팡 구로점,서울 구로구 가마산로 265 한솔로이젠트 104호
워시테리아 대림점,서울 영등포구 대림로8길 8
워시맨 도림초점,서울 영등포구 가마산로65길 19-2 1층
24시 셀프빨래터,경기 광명시 광복로 44
24시셀프빨래방,서울 관악구 조원중앙로1길 49
워시클리어셀프빨래방,서울 동작구 신대방1가길 57
워시팡팡 신림1호점,서울 관악구 조원중앙로1길 49
워시팡팡 셀프 빨래방 신대방역점,서울 관악구 조원로18길 13
버블맨24 신대방점,서울 동작구 신대방3길 28 1층
워시팡팡 구로점,서울 구로구 가마산로 265 한솔로이젠트 104호
워시테리아 대림점,서울 영등포구 대림로8길 8
워시맨 도림초점,서울 영등포구 가마산로65길 19-2 1층
24시 셀프빨래터,경기 광명시 광복로 44
24시셀프빨래방,서울 관악구 조원중앙로1길 49
워시클리어셀프빨래방,서울 동작구 신대방1가길 57
워시팡팡 신림1호점,서울 관악구 조원중앙로1길 49
월드크리닝 코인월드 독산점,서울 금천구 가산로3길 65
크린토피아 코인워시 금천롯데캐슬점,서울 금천구 시흥대로 315 지하1층
워시엔조이 독산점,서울 금천구 독산동 148-12
워시프렌즈셀프빨래방 광명하안동점,경기 광명시 금당로 36
현대셀프크리닝,서울 금천구 독산로 89
셀피아 금천가산동점,서울 금천구 가산로5길 66
클린업24셀프빨래방 광명하안점,경기 광명시 하안로 233 109호
더런드리 셀프빨래방 광명소하점,경기 광명시 소하로92번길 11 1층
행복셀프빨래방,서울 금천구 독산로 96 1층
크린업24 난곡점,서울 관악구 난곡로31길 8
워시피플셀프빨래방 광명소하점,경기 광명시 소하로 10 휴먼시아 아파트 상가 103호
행복셀프빨래집,서울 금천구 독산로 96
워시프렌즈 셀프빨래방 서울독산동점,서울 금천구 금하로1마길 15-3 101호 1층
크린토피아 코인워시 난향점,서울 관악구 난곡로 42 파크프라자 103호
힐링워시,서울 금천구 탑골로 17
늘푸른 셀프드라이크리닝 신림동점,서울 관악구 난곡로26길 90
크리닝업 독산동점,서울 금천구 범안로 1136 중앙하이츠아파트 상가동 104호
워시팡팡 시흥3동점,서울 금천구 시흥대로 92 104호
워시프렌즈 서울삼성동점,서울 관악구 광신길 86 106호
셀피아 관악난곡점,서울 관악구 난곡로 118 1층
덱스타워시24 소하점,경기 광명시 신촌로 3 1층
코인워시24셀프빨래방 소하점,경기 광명시 신촌로 3
워시피플 관악난곡점,서울 관악구 난곡로35가길 5 뉴스토리하우스 1층 1호
크린업24 광명하안점,경기 광명시 하안로 233
셀프빨래방,경기 광명시 신촌로 3
늘푸른 셀프드라이크리닝 신림동점,서울 관악구 난곡로26길 90
크리닝업 독산동점,서울 금천구 범안로 1136 중앙하이츠아파트 상가동 104호
워시팡팡 시흥3동점,서울 금천구 시흥대로 92 104호
워시프렌즈 서울삼성동점,서울 관악구 광신길 86 106호
셀피아 관악난곡점,서울 관악구 난곡로 118 1층
덱스타워시24 소하점,경기 광명시 신촌로 3 1층
코인워시24셀프빨래방 소하점,경기 광명시 신촌로 3
워시피플 관악난곡점,서울 관악구 난곡로35가길 5 뉴스토리하우스 1층 1호
크린업24 광명하안점,경기 광명시 하안로 233
셀프빨래방,경기 광명시 신촌로 3
늘푸른 셀프드라이크리닝 신림동점,서울 관악구 난곡로26길 90
크리닝업 독산동점,서울 금천구 범안로 1136 중앙하이츠아파트 상가동 104호
워시팡팡 시흥3동점,서울 금천구 시흥대로 92 104호
워시프렌즈 서울삼성동점,서울 관악구 광신길 86 106호
셀피아 관악난곡점,서울 관악구 난곡로 118 1층
덱스타워시24 소하점,경기 광명시 신촌로 3 1층
코인워시24셀프빨래방 소하점,경기 광명시 신촌로 3
워시피플 관악난곡점,서울 관악구 난곡로35가길 5 뉴스토리하우스 1층 1호
크린업24 광명하안점,경기 광명시 하안로 233
셀프빨래방,경기 광명시 신촌로 3
늘푸른 셀프드라이크리닝 신림동점,서울 관악구 난곡로26길 90
크리닝업 독산동점,서울 금천구 범안로 1136 중앙하이츠아파트 상가동 104호
워시팡팡 시흥3동점,서울 금천구 시흥대로 92 104호
워시프렌즈 서울삼성동점,서울 관악구 광신길 86 106호
셀피아 관악난곡점,서울 관악구 난곡로 118 1층
덱스타워시24 소하점,경기 광명시 신촌로 3 1층
코인워시24셀프빨래방 소하점,경기 광명시 신촌로 3
워시피플 관악난곡점,서울 관악구 난곡로35가길 5 뉴스토리하우스 1층 1호
크린업24 광명하안점,경기 광명시 하안로 233
셀프빨래방,경기 광명시 신촌로 3
워시피플셀프빨래방 노원중계동점,서울 노원구 덕릉로 623-10 1층
크린토피아 코인워시 쌍문중앙점,서울 도봉구 도봉로110나길 62 1층
크린토피아 코인워시 쌍문2동점,서울 도봉구 방학로3길 123
크린토피아 코인워시365 강북구청점,서울 강북구 한천로139나길 11
크린업24셀프빨래방 상계점,서울 노원구 상계로12길 42
워시하우스 창동점,서울 도봉구 해등로16다길 14 1층
크린업24 노원중계점,서울 노원구 동일로207길 23
워시하우스 번동점,서울 강북구 한천로132길 34 1층
더런드리 셀프빨래방 중계점,서울 노원구 중계로14길 41
24시셀프빨래방,서울 도봉구 덕릉로60길 9
크린토피아 코인워시 쌍문점,서울 도봉구 노해로41길 22 1층
크린토피아 코인워시 상계7단지점,서울 노원구 상계로1길 62-40 1층
클린업24셀프빨래방 창동점,서울 도봉구 도봉로134길 28
워시엔조이 셀프빨래방 노원상계점,서울 노원구 노원로28길 67
워시스토리 서울노원점,서울 노원구 노원로26길 69 1층
크린토피아 코인워시 방학1동점,서울 도봉구 방학로2길 82 1층
워시프렌즈 창동녹천역점,서울 도봉구 덕릉로 398 주공17단지복합상가 103호
크린업24 셀프빨래방 상계점,서울 노원구 한글비석로24길 77
셀프빨래방 창동점,서울 도봉구 도봉로104길 103 1층 24시 셀프 빨래방
크린토피아 코인워시 방학초교점,서울 도봉구 도당로9길 46
워시프렌즈 셀프빨래방 도봉구 방학동점,서울 도봉구 도봉로152길 16 현대렉시온상가 1층 111호
코인워시24빨래터 상계점,서울 노원구 상계로9가길 31
크린업셀프빨래방 노원점,서울 노원구 상계동 581-88
크린토피아 코인워시 방학점,서울 도봉구 도당로 36 재인상가 101호
워시하우스 수유점,서울 강북구 도봉로95길 34 1층
워시엔조이 쌍문점,서울 도봉구 우이천로 346-9 1층
위워시 번동점,서울 강북구 한천로132길 63
크린토피아 코인워시 방학동도깨비시장점,서울 도봉구 도당로15길 27 1층
워시엔조이 쌍문2동점,서울 도봉구 도봉로125길 48
버블맨24 상계1호점,서울 노원구 한글비석로46길 40 1층
크린토피아 코인워시 수유역점,서울 강북구 도봉로97길 26 1층
엔조이,서울 강북구 도봉로87길 3-10
크린업24 강북구청점,서울 강북구 한천로140길 11-14
화이트365 창동점,서울 도봉구 도봉로106길 71
셀프크리닝,서울 도봉구 도봉로133길 42
셀프크리닝,서울 노원구 동일로228길 35
화이트365 상계점,서울 노원구 상계로12길 18 1층
더런드리 쌍문점,서울 도봉구 노해로 234 1층
코인워시24빨래터 방학점,서울 도봉구 도당로13길 35
워시프렌즈 노원상계10동점,서울 노원구 노원로 522
월드크린셀프크리닝 상계점,서울 노원구 상계로1길 74
코인24시빨래방 당고개역점,서울 노원구 상계로 299-2
워시프렌즈 서울상계2동점,서울 노원구 상계로12길 35-9 1층
24시 셀프빨래방,서울 도봉구 도봉로145길 93 1층
워시엔조이 도봉방학점,서울 도봉구 도봉로145길 55 1층
크린토피아 코인워시 노원상계푸르지오점,서울 노원구 수락산로 17-1
더런드리셀프빨래방 쌍문점,서울 도봉구 노해로 234
화이트365 방학1동점,서울 도봉구 도봉로145길 93
크린토피아 코인워시 노원상계푸르지오점,서울 노원구 수락산로 17-1
더런드리셀프빨래방 쌍문점,서울 도봉구 노해로 234
화이트365 방학1동점,서울 도봉구 도봉로145길 93
워시피플셀프빨래방 노원중계동점,서울 노원구 덕릉로 623-10 1층
크린토피아 코인워시 쌍문2동점,서울 도봉구 방학로3길 123
크린업24셀프빨래방 상계점,서울 노원구 상계로12길 42
워시하우스 창동점,서울 도봉구 해등로16다길 14 1층
코인세탁,서울 도봉구 마들로 732
크린토피아 코인워시 상계7단지점,서울 노원구 상계로1길 62-40 1층
클린업24셀프빨래방 창동점,서울 도봉구 도봉로134길 28
워시엔조이 셀프빨래방 노원상계점,서울 노원구 노원로28길 67
워시스토리 서울노원점,서울 노원구 노원로26길 69 1층
크린토피아 코인워시 방학1동점,서울 도봉구 방학로2길 82 1층
크린토피아 코인워시365 덕성여대점,서울 도봉구 우이천로 481-1 덕성블루빌 1층
크린업24 셀프빨래방 상계점,서울 노원구 한글비석로24길 77
크린토피아 코인워시 방학초교점,서울 도봉구 도당로9길 46
워시프렌즈 셀프빨래방 도봉구 방학동점,서울 도봉구 도봉로152길 16 현대렉시온상가 1층 111호
코인워시24빨래터 상계점,서울 노원구 상계로9가길 31
크린토피아 코인워시 수락파르코점,서울 노원구 동일로 1700 토마토파르코 205호
크린업셀프빨래방 노원점,서울 노원구 상계동 581-88
크린토피아 코인워시 방학점,서울 도봉구 도당로 36 재인상가 101호
화이트365 도봉점,서울 도봉구 도봉로180길 28 도봉투웨니퍼스트2단지 203동 104호
크린토피아 코인워시 방학동도깨비시장점,서울 도봉구 도당로15길 27 1층
워시엔조이 상계수락점,서울 노원구 동일로237길 59 1층
워시엔조이 쌍문2동점,서울 도봉구 도봉로125길 48
버블맨24 상계1호점,서울 노원구 한글비석로46길 40 1층
크린토피아 코인워시 도봉점,서울 도봉구 마들로 732
셀프크리닝,서울 도봉구 도봉로133길 42
셀프크리닝,서울 노원구 동일로228길 35
화이트365 상계점,서울 노원구 상계로12길 18 1층
코인워시24빨래터 방학점,서울 도봉구 도당로13길 35
위니아24크린샵 상계점,서울 노원구 동일로239길 40 1층
워시프렌즈 노원상계10동점,서울 노원구 노원로 522
월드크린셀프크리닝 상계점,서울 노원구 상계로1길 74
셀프드라이크리닝,서울 노원구 동일로231길 62
코인24시빨래방 당고개역점,서울 노원구 상계로 299-2
워시프렌즈 서울상계2동점,서울 노원구 상계로12길 35-9 1층
24시 셀프빨래방,서울 도봉구 도봉로145길 93 1층
워시엔조이 도봉방학점,서울 도봉구 도봉로145길 55 1층
크린토피아 코인워시 노원상계푸르지오점,서울 노원구 수락산로 17-1
화이트365 방학1동점,서울 도봉구 도봉로145길 93
월드크린셀프크리닝 상계점,서울 노원구 상계로1길 74
셀프드라이크리닝,서울 노원구 동일로231길 62
코인24시빨래방 당고개역점,서울 노원구 상계로 299-2
워시프렌즈 서울상계2동점,서울 노원구 상계로12길 35-9 1층
24시 셀프빨래방,서울 도봉구 도봉로145길 93 1층
워시엔조이 도봉방학점,서울 도봉구 도봉로145길 55 1층
크린토피아 코인워시 노원상계푸르지오점,서울 노원구 수락산로 17-1
화이트365 방학1동점,서울 도봉구 도봉로145길 93
월드크린셀프크리닝 상계점,서울 노원구 상계로1길 74
셀프드라이크리닝,서울 노원구 동일로231길 62
코인24시빨래방 당고개역점,서울 노원구 상계로 299-2
워시프렌즈 서울상계2동점,서울 노원구 상계로12길 35-9 1층
24시 셀프빨래방,서울 도봉구 도봉로145길 93 1층
워시엔조이 도봉방학점,서울 도봉구 도봉로145길 55 1층
크린토피아 코인워시 노원상계푸르지오점,서울 노원구 수락산로 17-1
화이트365 방학1동점,서울 도봉구 도봉로145길 93
코인워시24빨래터 창신점,서울 종로구 창신길 47
크린토피아 코인워시 왕십리역점,서울 성동구 마조로9길 6-6
크린토피아 코인워시 신당6동점,서울 중구 다산로42나길 46
워시엔조이셀프빨래방 용두점,서울 동대문구 무학로34길 50 1층
크린토피아 코인워시 장안시장점,서울 동대문구 답십리로64길 103 102호
코인워시24빨래방 고려대점,서울 동대문구 안암로 108
셀프빨래방24시 한성대점,서울 성북구 삼선교로10다길 6
크린토피아 코인워시 왕십리홍익점,서울 성동구 왕십리로20길 41 1층 크린토피아
셀프빨래방,서울 종로구 숭인동길 54
크린토피아 코인워시 성신여대점,서울 성북구 보문로30나길 2 1층
스피드24클리닝,서울 종로구 종로 347 롯데캐슬천지인 지하1층
크린토피아 코인워시 답십리점,서울 동대문구 답십리로 130 래미안위브 아파트 102동
AMPM워시큐 청계블루,서울 중구 난계로23길 27
펭귄하우스 크리닝센터 성동점,서울 성동구 무학봉28길 24 1층
워시프렌즈 셀프빨래방 성신여대점,서울 성북구 고려대로5길 83
코인워시24 한양대점,서울 성동구 마조로9길 11 1층
아쿠아워시셀프빨래방 서울전농동점,서울 동대문구 서울시립대로 129-4 1층
크린토피아 코인워시 왕십리텐즈힐점,서울 성동구 무학로 33 텐즈힐 117동 B108호
화이트365 신당점,서울 중구 퇴계로86길 100 1층
화이트365 안암점,서울 성북구 고려대로26길 1 1층
코런셀프빨래방 한성대점,서울 성북구 보문로35길 33 1층
워시하우스 왕십리점,서울 성동구 왕십리로 410 센트라스상가 I동 140호
크린토피아 코인워시 왕십리센트라스점,서울 성동구 왕십리로 410 센트라스 상가 J동 141호
셀프빨래방 워시엔조이 장안동점,서울 동대문구 장한로18길 59 1층
펭귄하우스 크리닝센터 (숭인동점),서울 종로구 난계로29길 14
위니아24크린샵 서울장안점,서울 동대문구 사가정로27길 26-15
워시프렌즈 셀프빨래방 청량리점,서울 동대문구 제기로38길 10
우리셀프빨래방협동조합 장안동점,서울 동대문구 한천로6길 36
위워시 왕십리점,서울 성동구 왕십리로24길 21-1
크린토피아 코인워시365 동대문전농배봉초교점,서울 동대문구 한천로39길 27
크린앤화이트24시코인셀프빨래방,서울 동대문구 한천로40길 11
워시팡팡 휘경점,서울 동대문구 망우로8길 11
우리셀프빨래방협동조합 장안점,서울 동대문구 장한로21길 11-12
화이트365 신당역점,서울 중구 다산로46길 17
셀프빨래방24시 용답점,서울 성동구 용답중앙13길 5
워시프렌즈셀프빨래방 동대문장한평점,서울 동대문구 한천로24길 70 1층 108호
크린업24 한성대점,서울 성북구 삼선동3가 116 1층
셀피아 동대문고대점,서울 동대문구 안암로 116-1
크린업24 제기동점,서울 동대문구 왕산로23길 89 이수브라운스톤아파트 상가
AMPM워시큐 답십리점,서울 성동구 용답중앙11길 18
워시타임 서울장안동점,서울 동대문구 답십리로64길 84 1층
코인워시24 성신여대점,서울 성북구 보문로30가길 17
크린업24셀프빨래방 장안동점,서울 동대문구 장한로21길 9
런드리24 제기점,서울 동대문구 고산자로 507
워시프렌즈 셀프빨래방 신당상왕십리점,서울 중구 신당동 855 상가 2층 6호
미스터셀프크리닝 삼선교점,서울 성북구 삼선교로10길 64
스토리셀프빨래방,서울 성북구 고려대로2길 37 1층 112호
위니아24크린샵 숭인점,서울 종로구 종로56길 16
화이트365 제기동역점,서울 동대문구 왕산로16가길 36
화이트365 경희대점,서울 동대문구 회기로 134
워시맨 보문점,서울 성북구 지봉로24길 14-1
코인와시24 KCLA성신여대,서울 성북구 보문로30가길 17
워시팡팡 셀프빨래방24시 안암점,서울 성북구 고려대로8길 23 1층
AMPM워시큐 셀프빨래방 용두동점,서울 동대문구 무학로26길 16
미스터셀프크리닝 삼선교점,서울 성북구 삼선교로10길 64
스토리셀프빨래방,서울 성북구 고려대로2길 37 1층 112호
위니아24크린샵 숭인점,서울 종로구 종로56길 16
화이트365 제기동역점,서울 동대문구 왕산로16가길 36
화이트365 경희대점,서울 동대문구 회기로 134
워시맨 보문점,서울 성북구 지봉로24길 14-1
코인와시24 KCLA성신여대,서울 성북구 보문로30가길 17
워시팡팡 셀프빨래방24시 안암점,서울 성북구 고려대로8길 23 1층
AMPM워시큐 셀프빨래방 용두동점,서울 동대문구 무학로26길 16
크린토피아 코인워시 동작우체국점,서울 동작구 여의대방로22바길 2
24시셀프빨래방,서울 영등포구 여의대방로55길 25
워시프렌즈 셀프빨래방 신길삼거리점,서울 영등포구 도신로 256 2층
셀피아 영등포신길동점,서울 영등포구 영등포로86가길 24
24시셀프빨래방플러스 노량진점,서울 동작구 노량진로 140 메가스터디타워 지하 1층
삼성24시셀프빨래방 2호점,서울 동작구 상도로34길 25
코인워시 24빨래터 신대방점,서울 동작구 국사봉길 26
크린토피아 코인워시365 상도스위트점,서울 동작구 상도로15길 23
크린업24셀프빨래방,서울 동작구 성대로5길 2
크린토피아 코인워시 GS신길주유소점,서울 영등포구 신길로 74
24시빨래터 장승배기점,서울 동작구 상도로15길 131 휴엔하임 109호
워시엔조이셀프빨래방 상도역점,서울 동작구 상도로41길 38 영화맨션 101호
선데이런드리,서울 영등포구 가마산로 504-1
워시엔조이 셀프빨래방 상도점,서울 동작구 국사봉1길 137
화이트365 신대방삼거리역점,서울 동작구 국사봉길 74
펭귄하우스 래미안용산점,서울 용산구 한강대로 95 래미안 용산 단지 내 상가 B233호
AMPM워시큐 노량진점,서울 동작구 만양로14길 28 2층
셀빨래방 신길점,서울 영등포구 영등포로79길 6
크린토피아 코인워시365 이촌2동점,서울 용산구 이촌로18길 21 101동 1302호
워시타임 당산점,서울 영등포구 버드나루로15길 2 1층
화이트 빨래방,서울 동작구 대방동길 15
펭귄하우스 용산트럼프월드점,서울 용산구 한강대로 26 한강대우트럼프월드 3차 2층 201호
24시셀프빨래방플러스 상도점,서울 동작구 장승배기로4길 9 상도더샵1차아파트 정문상가 1층
더런드리 노량진점,서울 동작구 만양로8길 50 우성아파트 상가
화이트빨래방 대방점,서울 동작구 대방동길 15
셀피아 상도동점,서울 동작구 상도로41길 16
워시큐 빨래방 노량진점,서울 동작구 만양로14길 28 2층
AMPM워시큐 본동점,서울 동작구 노량진로26길 32-3
펭귄하우스 상도2호점,서울 동작구 상도로45길 57
펭귄하우스 상도휴엔하임점,서울 동작구 상도로15길 131 상도 휴엔하임 109호
퍼펙트런드리,서울 동작구 양녕로25라길 19 101호
워시엔조이 빨래방 신상도점,서울 동작구 양녕로25길 9
에코클린 24 셀프빨래방,서울 동작구 만양로14길 60
펭귄하우스 상도1호점,서울 동작구 양녕로22가길 67
24시셀프빨래방플러스 흑석점,서울 동작구 서달로 150 해가든아파트상가 1층
크린라이프 대방점,서울 동작구 대방동1길 1
워시피플 대방역점,서울 동작구 여의대방로54길 29 1층
24시셀프빨래방 흑석점,서울 동작구 서달로 150 해가든아파트 1층
워시피플셀프빨래방 흑석중앙대점,서울 동작구 현충로 52
삼성24시셀프빨래방 장승배기점,서울 동작구 상도로15길 103
위니아24크린샵 상도점,서울 동작구 국사봉1길 104 1층
퍼펙트런드리,서울 동작구 양녕로25라길 19 101호
워시엔조이 빨래방 신상도점,서울 동작구 양녕로25길 9
에코클린 24 셀프빨래방,서울 동작구 만양로14길 60
펭귄하우스 상도1호점,서울 동작구 양녕로22가길 67
24시셀프빨래방플러스 흑석점,서울 동작구 서달로 150 해가든아파트상가 1층
크린라이프 대방점,서울 동작구 대방동1길 1
워시피플 대방역점,서울 동작구 여의대방로54길 29 1층
24시셀프빨래방 흑석점,서울 동작구 서달로 150 해가든아파트 1층
워시피플셀프빨래방 흑석중앙대점,서울 동작구 현충로 52
삼성24시셀프빨래방 장승배기점,서울 동작구 상도로15길 103
위니아24크린샵 상도점,서울 동작구 국사봉1길 104 1층
퍼펙트런드리,서울 동작구 양녕로25라길 19 101호
워시엔조이 빨래방 신상도점,서울 동작구 양녕로25길 9
에코클린 24 셀프빨래방,서울 동작구 만양로14길 60
펭귄하우스 상도1호점,서울 동작구 양녕로22가길 67
24시셀프빨래방플러스 흑석점,서울 동작구 서달로 150 해가든아파트상가 1층
크린라이프 대방점,서울 동작구 대방동1길 1
워시피플 대방역점,서울 동작구 여의대방로54길 29 1층
24시셀프빨래방 흑석점,서울 동작구 서달로 150 해가든아파트 1층
워시피플셀프빨래방 흑석중앙대점,서울 동작구 현충로 52
삼성24시셀프빨래방 장승배기점,서울 동작구 상도로15길 103
위니아24크린샵 상도점,서울 동작구 국사봉1길 104 1층
코인워시24빨래터 연희점,서울 서대문구 연희로4길 9
코인셀프빨래방 홍대점,서울 마포구 와우산로29길 63
워시엔조이 셀프빨래방 마포연남점,서울 마포구 연남로5길 43
호스텔클레오 코인런드리,서울 마포구 연희로 27 호스텔 클레오 지하 1층
크린토피아 코인워시 마포구청역점,서울 마포구 성미산로1길 66 1층
크린토피아 코인워시 상암DMC점,서울 마포구 월드컵북로 350 상가 103호
크린토피아 코인워시 남가좌현대점,서울 서대문구 가재울로 69
코인워시 24빨래터 명지대점,서울 서대문구 명지대길 28
화이트365 홍대입구점,서울 마포구 월드컵북로2길 37
24시셀프빨래방,서울 마포구 신촌로4길 8
빨래살롱,서울 마포구 월드컵로8길 37-7 1층
코인워시24 홍대입구역점,서울 마포구 연남로5길 36
셀피아 서대문연세대점,서울 서대문구 연희로10길 26
크린토피아 코인워시 마포서교점,서울 마포구 월드컵로14길 61 천일빌딩 1층
24시간빨래하는날,서울 마포구 성미산로19길 31
펭귄하우스 상암미르웰점,서울 마포구 모래내로3길 11 상암미르웰한올림 204호
크린토피아 코인워시365 남가좌래미안1차점,서울 서대문구 증가로 201 1층
크린토피아 코인워시 성산시장점,서울 마포구 월드컵로25길 26 영화블렌하임 1층
화이트365 합정점,서울 마포구 월드컵로7길 103
크린토피아 코인워시 남가좌파크뷰자이점,서울 서대문구 가재울미래로 2 202동상가 105호
펭귄하우스 상암DMC점,서울 마포구 월드컵북로54길 25 상암DMC푸르지오시티 지하1층 B123호
더런드리 DMC점,서울 서대문구 모래내로 151 디엠씨엘가 103호
워시엔조이 마포합정점,서울 마포구 동교로 55 1층
더런드리 연남점,서울 마포구 성미산로19길 60 1층
워시엔조이 마포성산점,서울 마포구 성암로7길 22 102호
크린업24 염창점,서울 강서구 공항대로65길 65
버블맨24마포서교점,서울 마포구 월드컵북로9길 18
워시피플 마포구홍대점,서울 마포구 와우산로26길 9-19
AMPM워시큐 망원2동점,서울 마포구 월드컵로25길 105
셀피아 서대문명지대점,서울 서대문구 명지대길 68-2
화이트365 망원점,서울 마포구 방울내로 67
워시엔조이 마포망원점,서울 마포구 망원로7길 19-24
크린토피아 코인워시 마포보건소점,서울 마포구 월드컵로36길 18 삼라마이다스 1층
코인워시24 북가좌점,서울 서대문구 거북골로 176
크린토피아 코인워시365 경성고교점,서울 마포구 성미산로11길 32 1층
워시큐 망원점,서울 마포구 희우정로10길 2
워시엔조이 셀프빨래방 마포성산점,서울 마포구 성암로7길 22 백명트랜디아파트 102호
크린토피아 코인워시365 마포건영월드컵점,서울 마포구 성암로1길 12
크린토피아 코인워시365 상암점,서울 마포구 월드컵로42길 40 상암근린상가 129호
워시큐 빨래방 망원점,서울 마포구 희우정로10길 2
크린업24 성산점,서울 마포구 성미산로11길 81
워시스토리셀프빨래방연희연세대점,서울 서대문구 성산로 381
런드리즈,서울 서대문구 명지대길 29 1층
화이트365 망원점,서울 마포구 방울내로 67
워시엔조이 마포망원점,서울 마포구 망원로7길 19-24
크린토피아 코인워시 마포보건소점,서울 마포구 월드컵로36길 18 삼라마이다스 1층
코인워시24 북가좌점,서울 서대문구 거북골로 176
크린토피아 코인워시365 경성고교점,서울 마포구 성미산로11길 32 1층
워시큐 망원점,서울 마포구 희우정로10길 2
워시엔조이 셀프빨래방 마포성산점,서울 마포구 성암로7길 22 백명트랜디아파트 102호
크린토피아 코인워시365 마포건영월드컵점,서울 마포구 성암로1길 12
크린토피아 코인워시365 상암점,서울 마포구 월드컵로42길 40 상암근린상가 129호
워시큐 빨래방 망원점,서울 마포구 희우정로10길 2
크린업24 성산점,서울 마포구 성미산로11길 81
워시스토리셀프빨래방연희연세대점,서울 서대문구 성산로 381
런드리즈,서울 서대문구 명지대길 29 1층
화이트365 망원점,서울 마포구 방울내로 67
워시엔조이 마포망원점,서울 마포구 망원로7길 19-24
크린토피아 코인워시 마포보건소점,서울 마포구 월드컵로36길 18 삼라마이다스 1층
코인워시24 북가좌점,서울 서대문구 거북골로 176
크린토피아 코인워시365 경성고교점,서울 마포구 성미산로11길 32 1층
워시큐 망원점,서울 마포구 희우정로10길 2
워시엔조이 셀프빨래방 마포성산점,서울 마포구 성암로7길 22 백명트랜디아파트 102호
크린토피아 코인워시365 마포건영월드컵점,서울 마포구 성암로1길 12
크린토피아 코인워시365 상암점,서울 마포구 월드컵로42길 40 상암근린상가 129호
워시큐 빨래방 망원점,서울 마포구 희우정로10길 2
크린업24 성산점,서울 마포구 성미산로11길 81
워시스토리셀프빨래방연희연세대점,서울 서대문구 성산로 381
런드리즈,서울 서대문구 명지대길 29 1층
코인워시24빨래터 서대문역점,서울 서대문구 경기대로 80
크린토피아 코인워시 남가좌현대점,서울 서대문구 가재울로 69
코인워시 24빨래터 명지대점,서울 서대문구 명지대길 28
코인워시24 응암점,서울 은평구 응암로25길 5
셀피아 서대문연세대점,서울 서대문구 연희로10길 26
워시엔조이셀프빨래방 은평응암점,서울 은평구 응암로14길 19-1
아쿠아워시셀프빨래방 홍제점,서울 서대문구 세무서9길 15 1층
24시간빨래하는날,서울 마포구 성미산로19길 31
펭귄하우스 상암미르웰점,서울 마포구 모래내로3길 11 상암미르웰한올림 204호
크린토피아 코인워시365 남가좌래미안1차점,서울 서대문구 증가로 201 1층
크린토피아 코인워시 독립문현대점,서울 종로구 통일로 246-10 무악현대프라자 1층 106호
크린토피아 코인워시 남가좌파크뷰자이점,서울 서대문구 가재울미래로 2 202동상가 105호
24시셀프빨래방,서울 은평구 증산서길 88
더런드리 DMC점,서울 서대문구 모래내로 151 디엠씨엘가 103호
더런드리 연남점,서울 마포구 성미산로19길 60 1층
워시엔조이 마포성산점,서울 마포구 성암로7길 22 102호
셀빨래방 독립문점,서울 서대문구 독립문로 42 1층
코인워시24빨래터 북아현점,서울 서대문구 북아현로 82-1
크린토피아 코인워시365 롯데수퍼홍제점,서울 서대문구 통일로 397
크린업24 북가좌점,서울 서대문구 응암로 143-12
셀피아 서대문명지대점,서울 서대문구 명지대길 68-2
24시셀프빨래터 응암3호점,서울 은평구 응암로12길 26-1
코인워시24 북가좌점,서울 서대문구 거북골로 176
신사워시24시셀프빨래방,서울 은평구 증산로15길 13
워시엔조이 셀프빨래방 마포성산점,서울 마포구 성암로7길 22 백명트랜디아파트 102호
이지워시 교남점,서울 종로구 송월길 155 경희궁자이4단지 상가 1층 31호
크린토피아 코인워시365 마포건영월드컵점,서울 마포구 성암로1길 12
워시피플,서울 은평구 가좌로7가길 2 1층
셀프빨래방,서울 은평구 가좌로7가길 2
마마운동화이불빨래방 응암점,서울 은평구 응암로22길 15
크린업24 성산점,서울 마포구 성미산로11길 81
워시스토리셀프빨래방연희연세대점,서울 서대문구 성산로 381
워시피플셀프빨래방은평구응암동점,서울 은평구 가좌로7가길 22
런드리즈,서울 서대문구 명지대길 29 1층
크린업24 성산점,서울 마포구 성미산로11길 81
워시스토리셀프빨래방연희연세대점,서울 서대문구 성산로 381
워시피플셀프빨래방은평구응암동점,서울 은평구 가좌로7가길 22
런드리즈,서울 서대문구 명지대길 29 1층
크린업24 성산점,서울 마포구 성미산로11길 81
워시스토리셀프빨래방연희연세대점,서울 서대문구 성산로 381
워시피플셀프빨래방은평구응암동점,서울 은평구 가좌로7가길 22
런드리즈,서울 서대문구 명지대길 29 1층
크린토피아 코인워시 역삼언주로점,서울 강남구 언주로71길 17 금강빌딩 101호
크린토피아 코인워시 서울교대점,서울 서초구 서초대로60길 34 문화빌딩 1층
워시엔조이 셀프빨래방 서초효성점,서울 서초구 강남대로51길 10 105호
크린토피아 코인워시 서초서울고점,서울 서초구 반포대로21길 27 화원그랑빌아파트 1층 102호
크린토피아 코인워시 역삼역점,서울 강남구 역삼로19길 14 노블스위트 104호
크린토피아 코인워시 양재2동점,서울 서초구 동산로6길 41-3 고암빌딩 1층
화이트365 개포점,서울 강남구 개포로 235 한영빌딩 1층 103호
크린업24 강남역삼점,서울 강남구 강남대로84길 15 효성해링턴타워
화이트365 양재점,서울 서초구 강남대로6길 88 1층
코인워시24셀프빨래터 강남대치점,서울 강남구 선릉로64길 15-12
워시테리아 역삼점,서울 강남구 역삼로 152 1층
워시엔조이 역삼2호점,서울 강남구 역삼로11길 13-4
워시엔조이 셀프빨래방 서초교대점,서울 서초구 서초중앙로8길 21 101호
셀피아 강남양재점,서울 강남구 강남대로48길 15
워시엔조이 양재매헌역점,서울 서초구 강남대로18길 16-8 1층
워시엔조이 양재역점,서울 서초구 강남대로30길 40 1층
크린토피아 코인워시 서초GS자이점,서울 서초구 서초중앙로2길 84
화이트365 역삼점,서울 강남구 언주로71길 33 1층
크린토피아 코인워시 서초상문고점,서울 서초구 명달로 32 유니빌 102호
워시피플셀프빨래방 서초남부터미널점,서울 서초구 반포대로12길 37 리슈빌오피스텔 106호
워시엔조이 역삼1호점,서울 강남구 논현로63길 47
어반오아시스,서울 강남구 개포로17길 13 1층
더런드리 양재점,서울 서초구 논현로31길 68 1층
크린토피아 코인워시 방배3동점,서울 서초구 효령로34길 62
워시프렌즈 뱅뱅사거리점,서울 강남구 도곡로4길 13
더런드리 강남개포점,서울 강남구 개포로22길 47 1층
더런드리 양재직영점,서울 서초구 동산로14길 9 1층
어반런드렛 서초,서울 서초구 명달로 90 1층
워시엔조이 개포점,서울 강남구 논현로6길 13
워시엔조이셀프빨래방 서초역점,서울 서초구 반포대로24길 8
위니아24크린샵 역삼2호점,서울 강남구 언주로65길 30 1층
워시프렌즈 셀프빨래방 서초1동점,서울 서초구 사임당로 105
워시프렌즈 서초우면점,서울 서초구 바우뫼로2길 67 1층
런드로맷카페,서울 서초구 남부순환로350길 69
런드로맷,서울 서초구 남부순환로315길 34-5 1층
워시라움 역삼점,서울 강남구 도곡로21길 27 1층 101호
낭만빨래방 역삼역점,서울 강남구 테헤란로14길 34 1층
워시프렌즈 서울역삼점,서울 강남구 논현로65길 22
워시엔조이셀프빨래방강남도곡점,서울 강남구 논현로51길 13
위니아24크린샵 역삼2호점,서울 강남구 언주로65길 30 1층
워시프렌즈 셀프빨래방 서초1동점,서울 서초구 사임당로 105
워시프렌즈 서초우면점,서울 서초구 바우뫼로2길 67 1층
런드로맷카페,서울 서초구 남부순환로350길 69
런드로맷,서울 서초구 남부순환로315길 34-5 1층
워시라움 역삼점,서울 강남구 도곡로21길 27 1층 101호
낭만빨래방 역삼역점,서울 강남구 테헤란로14길 34 1층
워시프렌즈 서울역삼점,서울 강남구 논현로65길 22
워시엔조이셀프빨래방강남도곡점,서울 강남구 논현로51길 13
위니아24크린샵 역삼2호점,서울 강남구 언주로65길 30 1층
워시프렌즈 셀프빨래방 서초1동점,서울 서초구 사임당로 105
워시프렌즈 서초우면점,서울 서초구 바우뫼로2길 67 1층
런드로맷카페,서울 서초구 남부순환로350길 69
런드로맷,서울 서초구 남부순환로315길 34-5 1층
워시라움 역삼점,서울 강남구 도곡로21길 27 1층 101호
낭만빨래방 역삼역점,서울 강남구 테헤란로14길 34 1층
워시프렌즈 서울역삼점,서울 강남구 논현로65길 22
워시엔조이셀프빨래방강남도곡점,서울 강남구 논현로51길 13
크린토피아 코인워시 신당약수점,서울 중구 동호로8길 5
코인워시24빨래터 창신점,서울 종로구 창신길 47
크린토피아 코인워시 왕십리역점,서울 성동구 마조로9길 6-6
크린토피아 코인워시 신당6동점,서울 중구 다산로42나길 46
워시엔조이셀프빨래방 용두점,서울 동대문구 무학로34길 50 1층
크린토피아 코인워시 장안시장점,서울 동대문구 답십리로64길 103 102호
크린토피아 코인워시 왕십리홍익점,서울 성동구 왕십리로20길 41 1층 크린토피아
셀프빨래방,서울 종로구 숭인동길 54
금호셀프빨래방,서울 성동구 장터2길 19 1층
스피드24클리닝,서울 종로구 종로 347 롯데캐슬천지인 지하1층
크린토피아 코인워시 답십리점,서울 동대문구 답십리로 130 래미안위브 아파트 102동
AMPM워시큐 청계블루,서울 중구 난계로23길 27
펭귄하우스 크리닝센터 성동점,서울 성동구 무학봉28길 24 1층
코인워시24 한양대점,서울 성동구 마조로9길 11 1층
크린토피아 코인워시 왕십리텐즈힐점,서울 성동구 무학로 33 텐즈힐 117동 B108호
화이트365 신당점,서울 중구 퇴계로86길 100 1층
워시하우스 왕십리점,서울 성동구 왕십리로 410 센트라스상가 I동 140호
크린토피아 코인워시 왕십리센트라스점,서울 성동구 왕십리로 410 센트라스 상가 J동 141호
펭귄하우스 크리닝센터 (숭인동점),서울 종로구 난계로29길 14
우리셀프빨래방협동조합 장안동점,서울 동대문구 한천로6길 36
위워시 왕십리점,서울 성동구 왕십리로24길 21-1
더화이트셀프빨래방 성수동본점,서울 성동구 성수일로11길 15 102호
크린토피아 코인워시365 동대문전농배봉초교점,서울 동대문구 한천로39길 27
크린앤화이트24시코인셀프빨래방,서울 동대문구 한천로40길 11
우리셀프빨래방협동조합 장안점,서울 동대문구 장한로21길 11-12
화이트365 신당역점,서울 중구 다산로46길 17
셀프빨래방24시 용답점,서울 성동구 용답중앙13길 5
워시프렌즈셀프빨래방 동대문장한평점,서울 동대문구 한천로24길 70 1층 108호
블루워시 성수점,서울 성동구 상원길 58
AMPM워시큐 답십리점,서울 성동구 용답중앙11길 18
워시타임 서울장안동점,서울 동대문구 답십리로64길 84 1층
크린업24셀프빨래방 장안동점,서울 동대문구 장한로21길 9
워시프렌즈 셀프빨래방 신당상왕십리점,서울 중구 신당동 855 상가 2층 6호
워시엔조이 송정점,서울 성동구 광나루로11길 10
위니아24크린샵 숭인점,서울 종로구 종로56길 16
화이트365 제기동역점,서울 동대문구 왕산로16가길 36
AMPM워시큐 셀프빨래방 용두동점,서울 동대문구 무학로26길 16
워시피플셀프빨래방광진구화양동점,서울 광진구 동일로 178
워시타임 서울장안동점,서울 동대문구 답십리로64길 84 1층
크린업24셀프빨래방 장안동점,서울 동대문구 장한로21길 9
워시프렌즈 셀프빨래방 신당상왕십리점,서울 중구 신당동 855 상가 2층 6호
워시엔조이 송정점,서울 성동구 광나루로11길 10
위니아24크린샵 숭인점,서울 종로구 종로56길 16
화이트365 제기동역점,서울 동대문구 왕산로16가길 36
AMPM워시큐 셀프빨래방 용두동점,서울 동대문구 무학로26길 16
워시피플셀프빨래방광진구화양동점,서울 광진구 동일로 178
워시타임 서울장안동점,서울 동대문구 답십리로64길 84 1층
크린업24셀프빨래방 장안동점,서울 동대문구 장한로21길 9
워시프렌즈 셀프빨래방 신당상왕십리점,서울 중구 신당동 855 상가 2층 6호
워시엔조이 송정점,서울 성동구 광나루로11길 10
위니아24크린샵 숭인점,서울 종로구 종로56길 16
화이트365 제기동역점,서울 동대문구 왕산로16가길 36
AMPM워시큐 셀프빨래방 용두동점,서울 동대문구 무학로26길 16
워시피플셀프빨래방광진구화양동점,서울 광진구 동일로 178
코인워시24 셀프빨래방 성균관대점,서울 종로구 성균관로 40
코인워시24빨래터 창신점,서울 종로구 창신길 47
워시엔조이셀프빨래방 용두점,서울 동대문구 무학로34길 50 1층
코인워시24빨래방 고려대점,서울 동대문구 안암로 108
셀프빨래방24시 한성대점,서울 성북구 삼선교로10다길 6
셀프빨래방,서울 종로구 숭인동길 54
크린토피아 코인워시 성신여대점,서울 성북구 보문로30나길 2 1층
스피드24클리닝,서울 종로구 종로 347 롯데캐슬천지인 지하1층
워시프렌즈 서울혜화점,서울 종로구 혜화로6길 9 1층
크린토피아 코인워시 돈암초교점,서울 성북구 동소문로13길 21 1층
워시프렌즈 셀프빨래방 성신여대점,서울 성북구 고려대로5길 83
크린업24 셀프빨래방,서울 성북구 장월로1길 74-12 거성빌 1층
크린토피아 코인워시 길음래미안점,서울 성북구 길음로 20 길음뉴타운제상가동 115호
화이트365 안암점,서울 성북구 고려대로26길 1 1층
코런셀프빨래방 한성대점,서울 성북구 보문로35길 33 1층
크린업24셀프빨래방,서울 성북구 아리랑로5길 39 샤인힐 103호
펭귄하우스 크리닝센터 (숭인동점),서울 종로구 난계로29길 14
크린토피아 코인워시365 성북종암동점,서울 성북구 월곡로 58
워시프렌즈 셀프빨래방 동소문동점,서울 성북구 동소문로13길 7
런드리나인 셀프빨래방 하월곡점,서울 성북구 오패산로 38 1층
에코클린24셀프빨래방 정릉점,서울 성북구 정릉로27길 33 1층
종암24시셀프빨래방,서울 성북구 종암로19길 43
워시타임 성신여대입구역점,서울 성북구 동소문로25길 44 101호
크린업24 한성대점,서울 성북구 삼선동3가 116 1층
셀피아 동대문고대점,서울 동대문구 안암로 116-1
셀피아 성북돈암점,서울 성북구 보문로34가길 47
크린업24 제기동점,서울 동대문구 왕산로23길 89 이수브라운스톤아파트 상가
위니아24크린샵 종암점,서울 성북구 종암로5길 29 유제빌딩 1층
코인워시24 성신여대점,서울 성북구 보문로30가길 17
런드리24 제기점,서울 동대문구 고산자로 507
크린업24 셀프빨래방 종암고대점,서울 성북구 종암로5길 36 선경아파트 상가 5호
화이트365 동덕여대점,서울 성북구 장월로1길 68
미스터셀프크리닝 삼선교점,서울 성북구 삼선교로10길 64
스토리셀프빨래방,서울 성북구 고려대로2길 37 1층 112호
자작나무숲24시셀프빨래방,서울 성북구 정릉로10길 107 1층
덱스터 종암점,서울 성북구 북악산로29길 31
화이트365 제기동역점,서울 동대문구 왕산로16가길 36
BTAL셀프빨래방,서울 성북구 북악산로 744
워시맨 보문점,서울 성북구 지봉로24길 14-1
코인와시24 KCLA성신여대,서울 성북구 보문로30가길 17
워시팡팡 셀프빨래방24시 안암점,서울 성북구 고려대로8길 23 1층
워시엔조이빨래방 성북종암점,서울 성북구 종암로13길 4-13
AMPM워시큐 셀프빨래방 용두동점,서울 동대문구 무학로26길 16
크린업24 셀프빨래방 종암고대점,서울 성북구 종암로5길 36 선경아파트 상가 5호
화이트365 동덕여대점,서울 성북구 장월로1길 68
미스터셀프크리닝 삼선교점,서울 성북구 삼선교로10길 64
스토리셀프빨래방,서울 성북구 고려대로2길 37 1층 112호
자작나무숲24시셀프빨래방,서울 성북구 정릉로10길 107 1층
덱스터 종암점,서울 성북구 북악산로29길 31
화이트365 제기동역점,서울 동대문구 왕산로16가길 36
BTAL셀프빨래방,서울 성북구 북악산로 744
워시맨 보문점,서울 성북구 지봉로24길 14-1
코인와시24 KCLA성신여대,서울 성북구 보문로30가길 17
워시팡팡 셀프빨래방24시 안암점,서울 성북구 고려대로8길 23 1층
워시엔조이빨래방 성북종암점,서울 성북구 종암로13길 4-13
AMPM워시큐 셀프빨래방 용두동점,서울 동대문구 무학로26길 16
크린업24 셀프빨래방 종암고대점,서울 성북구 종암로5길 36 선경아파트 상가 5호
화이트365 동덕여대점,서울 성북구 장월로1길 68
미스터셀프크리닝 삼선교점,서울 성북구 삼선교로10길 64
스토리셀프빨래방,서울 성북구 고려대로2길 37 1층 112호
자작나무숲24시셀프빨래방,서울 성북구 정릉로10길 107 1층
덱스터 종암점,서울 성북구 북악산로29길 31
화이트365 제기동역점,서울 동대문구 왕산로16가길 36
BTAL셀프빨래방,서울 성북구 북악산로 744
워시맨 보문점,서울 성북구 지봉로24길 14-1
코인와시24 KCLA성신여대,서울 성북구 보문로30가길 17
워시팡팡 셀프빨래방24시 안암점,서울 성북구 고려대로8길 23 1층
워시엔조이빨래방 성북종암점,서울 성북구 종암로13길 4-13
AMPM워시큐 셀프빨래방 용두동점,서울 동대문구 무학로26길 16
크린토피아 코인워시 송파방이2동점,서울 송파구 오금로17길 20
코인워시24 석촌점,서울 송파구 가락로12길 5-29 1층
코인워시24빨래터 방이점,서울 송파구 백제고분로50길 42
크린토피아 코인워시 송파방이시장점,서울 송파구 오금로19길 17 1층
크린토피아 코인워시 잠실잠전초교점,서울 송파구 삼전로9길 21 화진빌딩 1층
크린토피아 코인워시 송파삼전호수점,"서울 송파구 백제고분로31길 31 104,105호"
크린토피아 코인워시 송파오금공원점,서울 송파구 마천로 144
크린토피아 코인워시 삼전배명점,서울 송파구 백제고분로32길 20 1층
크린토피아 코인워시 강동둔촌역점,서울 강동구 풍성로54길 41 1층
크린토피아 코인워시 송파신천역점,서울 송파구 올림픽로12길 31
화이트365 방이점,서울 송파구 오금로11길 55-8
크린토피아 코인워시 잠실본동점,서울 송파구 백제고분로12길 7
워시엔조이 석촌점,서울 송파구 백제고분로34길 11
화이트365 자양점,서울 광진구 뚝섬로54길 10
코인워시24빨래터 신천점,서울 송파구 올림픽로12길 39-1
워시엔조이 가락점,서울 송파구 양재대로66길 40 101호
화이트365 송파풍납점,서울 송파구 올림픽로47길 20
잠실24시셀프빨래방,서울 송파구 백제고분로27길 30
버블존 24시코인워시빨래방,서울 송파구 석촌호수로18길 18
크린토피아 코인워시 송파가락동점,서울 송파구 오금로36길 28-1 1층
크린토피아 코인워시 강동구청점,서울 강동구 성내로 73
더런드리 송파잠실점,서울 송파구 백제고분로20길 13-8 삼우빌딩 1층 102호
크린토피아 코인워시 송파1동점,서울 송파구 백제고분로42길 15 1층
위니아24시크린샵 방이점,서울 송파구 가락로36길 7
크린토피아 코인워시 송파고분로점,서울 송파구 백제고분로34길 20
화이트365 석촌점,서울 송파구 백제고분로39길 29
코인워시24시빨래터 잠실점,서울 송파구 백제고분로21길 9
워시테리아 송파점,서울 송파구 송이로10길 8-1
워시엔조이 자양점,서울 광진구 자양로3길 70
뽀송뽀송코인워시 홈플러스 잠실점,서울 송파구 올림픽로35가길 16 지하 1층
화이트365 잠실점,서울 송파구 석촌호수로12길 43
워시엔조이 잠실점,서울 송파구 백제고분로18길 35 1층 101호
셀빨래방 성내점,서울 강동구 양재대로 1385
동전빨래방,서울 송파구 백제고분로14길 4-3
셀빨래방 오금점,서울 송파구 동남로24길 7
펭귄하우스 송파석촌점,서울 송파구 백제고분로37가길 6 써니빌 102호
워시프렌즈 성내점,서울 강동구 양재대로87길 53
셀프빨래방,서울 강동구 양재대로89길 53
화이트365 송파점,서울 송파구 백제고분로46길 37
워시엔조이 송파방이점,서울 송파구 위례성대로12길 14 1층 101호
더런드리셀프빨래방 석촌고분점,서울 송파구 백제고분로34길 34
크린토피아 코인워시 송파헬리오시티2호점,서울 송파구 송파대로 345 헬리오시티 2A동 B07호
새마을빨래방,서울 송파구 석촌호수로12길 23-10 103호
진시스삼전진시스점런드리익스프레스샵,서울 송파구 백제고분로32길 21
화이트365 잠실점,서울 송파구 석촌호수로12길 43
워시엔조이 잠실점,서울 송파구 백제고분로18길 35 1층 101호
셀빨래방 성내점,서울 강동구 양재대로 1385
동전빨래방,서울 송파구 백제고분로14길 4-3
셀빨래방 오금점,서울 송파구 동남로24길 7
펭귄하우스 송파석촌점,서울 송파구 백제고분로37가길 6 써니빌 102호
워시프렌즈 성내점,서울 강동구 양재대로87길 53
셀프빨래방,서울 강동구 양재대로89길 53
화이트365 송파점,서울 송파구 백제고분로46길 37
워시엔조이 송파방이점,서울 송파구 위례성대로12길 14 1층 101호
더런드리셀프빨래방 석촌고분점,서울 송파구 백제고분로34길 34
크린토피아 코인워시 송파헬리오시티2호점,서울 송파구 송파대로 345 헬리오시티 2A동 B07호
새마을빨래방,서울 송파구 석촌호수로12길 23-10 103호
진시스삼전진시스점런드리익스프레스샵,서울 송파구 백제고분로32길 21
화이트365 잠실점,서울 송파구 석촌호수로12길 43
워시엔조이 잠실점,서울 송파구 백제고분로18길 35 1층 101호
셀빨래방 성내점,서울 강동구 양재대로 1385
동전빨래방,서울 송파구 백제고분로14길 4-3
셀빨래방 오금점,서울 송파구 동남로24길 7
펭귄하우스 송파석촌점,서울 송파구 백제고분로37가길 6 써니빌 102호
워시프렌즈 성내점,서울 강동구 양재대로87길 53
셀프빨래방,서울 강동구 양재대로89길 53
화이트365 송파점,서울 송파구 백제고분로46길 37
워시엔조이 송파방이점,서울 송파구 위례성대로12길 14 1층 101호
더런드리셀프빨래방 석촌고분점,서울 송파구 백제고분로34길 34
크린토피아 코인워시 송파헬리오시티2호점,서울 송파구 송파대로 345 헬리오시티 2A동 B07호
새마을빨래방,서울 송파구 석촌호수로12길 23-10 103호
진시스삼전진시스점런드리익스프레스샵,서울 송파구 백제고분로32길 21
셀프 코인 빨래방,서울 영등포구 도영로 45-1
워시테리아셀프빨래방 구로점,서울 구로구 공원로7길 29
코인워시24빨래터 영등포구청역점,서울 영등포구 양산로25길 9
크린업24셀프빨래방 목동점,서울 양천구 신정중앙로21길 10
24시셀프빨래방 화곡점,서울 강서구 곰달래로 235
크린토피아 코인워시 당산동4가점,서울 영등포구 당산로38길 5 해승빌딩 1층
월드크리닝플러스월드코인365,서울 영등포구 선유로17길 24 1층
크린업24 오목교역점,서울 양천구 신목로14길 9
아인워시24시셀프빨래방,서울 강서구 곰달래로37길 7
워시앤디 셀프빨래방 까지산점,서울 강서구 곰달래로19길 6
코인워시24 까치산역점,서울 강서구 강서로17길 48 성운빌딩 1층
크린토피아 코인워시 당산공원점,서울 영등포구 선유동1로 50 원일빌딩 102호
화이트365 신도림점,서울 구로구 공원로8길 25 1층
워시엔조이 오목교역점,서울 양천구 오목로54길 14 1층
런드리업셀프세탁방,서울 구로구 경인로47길 126-5
백의민족 셀프빨래방 신정점,서울 양천구 목동남로2길 25 1층 2호
화이트365 영등포구청역점,서울 영등포구 영등포로25길 18
워시테리아셀프빨래방 신정점,서울 양천구 중앙로36길 8 1층
더런드리 신도림점,서울 구로구 신도림로 20
24시셀프빨래방,서울 양천구 지양로 36
덱스터24시셀프빨래방 신정점,서울 양천구 신정중앙로21길 26 1층
워시프렌즈셀프빨래방 양평동점,서울 영등포구 영등포로3길 15 디에이원파크 1층 103호
워시프렌즈셀프빨래방 신정역점,서울 양천구 중앙로 322 1층 101호
워시엔조이 까치산역점,서울 강서구 강서로7길 65
워시프렌즈 셀프빨래방 신정점,서울 양천구 중앙로32길 67
플러스코인엘 까치산점,서울 강서구 강서로7길 89 1층
셀프빨래방 스피드워시24 신정점,서울 양천구 은행정로 58
워시프레쉬셀프빨래방 신도림포스빌,서울 구로구 새말로 102
코인워시24셀프빨래방 목동고척점,서울 구로구 중앙로15길 110
아쿠아워시셀프빨래방 신월신정점,서울 양천구 오목로4길 6 선우쉐르빌 102호
크린업24 신월점,서울 양천구 곰달래로10길 23 1층
워시엔조이 신정네거리점,서울 양천구 중앙로46길 7 1층
코인워시24빨래터 개봉점,서울 구로구 경인로33길 110
화이트365 신월동점,서울 양천구 남부순환로79길 41
워시라움 목동역점,서울 양천구 오목로50길 17 휘버스아파트 상가 1층
셀빨래방 당산점,서울 영등포구 영등포로25길 27 1층
크린토피아 코인워시365 신정대림아크로빌점,서울 양천구 목동서로 397 대림아크로빌 B동 126호
셀빨래방 신정점,서울 양천구 신목로5길 12-1 1층
명동쎌프크리닝,서울 양천구 중앙로45길 29
워시프렌즈 셀프빨래방 강서화곡점,서울 강서구 곰달래로49길 17 1층
셀프빨래방 양평동점,서울 영등포구 선유서로 67
크린토피아 코인워시 홈플러스목동점,서울 양천구 목동서로 170 2층 1호
더런드리 양천신정점,서울 양천구 신목로2길 7-10 1층
크린토피아 코인워시 영등포양평역점,서울 영등포구 양산로7길 3 1층 106호
크린토피아 코인워시 신월4점,서울 양천구 월정로 14
더런드리 화곡점,서울 강서구 강서로12길 31
워시하우스 개봉점,서울 구로구 고척로19길 23 101호
화곡크리닝업 화곡점,서울 강서구 곰달래로 61
그린쎌프크리닝,서울 구로구 고척로 94-4
빨리셀프크리닝 신월7동점,서울 양천구 지양로 57
워시엔조이 신월점,서울 양천구 신월로19길 6 1층 101호
워시엔조이 구로개봉점,서울 구로구 고척로27길 83
워시코인24시셀프빨래방,서울 구로구 중앙로15길 110
셀프드라이크리닝 신월점,서울 양천구 지양로2길 29
워시코인24시 샐프빨래방,서울 구로구 중앙로15길 110
더런드리 화곡점,서울 강서구 강서로12길 31
워시하우스 개봉점,서울 구로구 고척로19길 23 101호
화곡크리닝업 화곡점,서울 강서구 곰달래로 61
그린쎌프크리닝,서울 구로구 고척로 94-4
빨리셀프크리닝 신월7동점,서울 양천구 지양로 57
워시엔조이 신월점,서울 양천구 신월로19길 6 1층 101호
워시엔조이 구로개봉점,서울 구로구 고척로27길 83
워시코인24시셀프빨래방,서울 구로구 중앙로15길 110
셀프드라이크리닝 신월점,서울 양천구 지양로2길 29
워시코인24시 샐프빨래방,서울 구로구 중앙로15길 110
크린토피아 코인워시 영등포아크로타워점,서울 영등포구 국회대로54길 10 상가 12동 1층 101호
셀프 코인 빨래방,서울 영등포구 도영로 45-1
크린토피아 코인워시 영등포청원점,서울 영등포구 영신로44길 8
24시셀프빨래방,서울 영등포구 여의대방로55길 25
코인워시24빨래터 영등포구청역점,서울 영등포구 양산로25길 9
워시프렌즈 셀프빨래방 신길삼거리점,서울 영등포구 도신로 256 2층
크린토피아 코인워시 당산동4가점,서울 영등포구 당산로38길 5 해승빌딩 1층
셀피아 영등포신길동점,서울 영등포구 영등포로86가길 24
월드크리닝플러스월드코인365,서울 영등포구 선유로17길 24 1층
크린업24 오목교역점,서울 양천구 신목로14길 9
크린토피아 코인워시 당산삼성점,서울 영등포구 버드나루로22길 5 강변한솔그라치아 1층 크린토피아 당산삼성점
화이트365 선유도역점,서울 영등포구 양평로20길 3
크린토피아 코인워시 당산공원점,서울 영등포구 선유동1로 50 원일빌딩 102호
워시엔조이 오목교역점,서울 양천구 오목로54길 14 1층
화이트365 영등포구청역점,서울 영등포구 영등포로25길 18
크린토피아 코인워시 영등포8가점,서울 영등포구 영신로 228-6 한양아이클래스오피스텔 105호
워시프렌즈셀프빨래방 양평동점,서울 영등포구 영등포로3길 15 디에이원파크 1층 103호
크린토피아 코인워시 목동시장점,서울 양천구 목동중앙남로 72 공덕빌라 1층 104호
셀빨래방 신길점,서울 영등포구 영등포로79길 6
워시타임 당산점,서울 영등포구 버드나루로15길 2 1층
AMPM워시큐빨래방 당산점,서울 영등포구 당산로50길 31
워시프렌즈 양평점,서울 영등포구 선유로 269 약산아파트상가 1층
워시테리아빨래방 목동점,서울 양천구 목동중앙본로 24 1층
워시큐 빨래방 당산역점,서울 영등포구 당산로50길 31
워시피플 영등포선유도점,서울 영등포구 양평로22라길 1 대우미래사랑 2차 104동 101호
워시라움 목동역점,서울 양천구 오목로50길 17 휘버스아파트 상가 1층
셀빨래방 당산점,서울 영등포구 영등포로25길 27 1층
셀빨래방 신정점,서울 양천구 신목로5길 12-1 1층
셀프빨래방 양평동점,서울 영등포구 선유서로 67
크린토피아 코인워시 홈플러스목동점,서울 양천구 목동서로 170 2층 1호
더런드리 양천신정점,서울 양천구 신목로2길 7-10 1층
크린토피아 코인워시 영등포양평역점,서울 영등포구 양산로7길 3 1층 106호
더런드리 목동중앙점,서울 양천구 목동중앙남로14가길 49 1층
크린토피아 코인워시 목동강서고교점,서울 양천구 목동중앙남로 7 1층
워시프렌즈 양천구목4동점,서울 양천구 목동중앙본로 31 1층 101호
워시피플 대방역점,서울 동작구 여의대방로54길 29 1층
더런드리 양천신정점,서울 양천구 신목로2길 7-10 1층
크린토피아 코인워시 영등포양평역점,서울 영등포구 양산로7길 3 1층 106호
더런드리 목동중앙점,서울 양천구 목동중앙남로14가길 49 1층
크린토피아 코인워시 목동강서고교점,서울 양천구 목동중앙남로 7 1층
워시프렌즈 양천구목4동점,서울 양천구 목동중앙본로 31 1층 101호
워시피플 대방역점,서울 동작구 여의대방로54길 29 1층
더런드리 양천신정점,서울 양천구 신목로2길 7-10 1층
크린토피아 코인워시 영등포양평역점,서울 영등포구 양산로7길 3 1층 106호
더런드리 목동중앙점,서울 양천구 목동중앙남로14가길 49 1층
크린토피아 코인워시 목동강서고교점,서울 양천구 목동중앙남로 7 1층
워시프렌즈 양천구목4동점,서울 양천구 목동중앙본로 31 1층 101호
워시피플 대방역점,서울 동작구 여의대방로54길 29 1층
24시셀프빨래방플러스 한남점,서울 용산구 독서당로 39 신성미소시티아파트 상가 1층
크린토피아 코인워시 만리한겨레점,서울 마포구 효창목길 23 101호
크린토피아 코인워시365 용문시장점,서울 용산구 원효로53길 41
크린토피아 코인워시 용산해방촌점,서울 용산구 신흥로12길 5
크린토피아 코인워시 용산이편한세상점,서울 용산구 원효로 210-5
금호셀프빨래방,서울 성동구 장터2길 19 1층
코인워시24빨래터 숙대점,서울 용산구 원효로89길 12
화이트365 숙대입구역점,서울 용산구 청파로47길 37-26
24시셀프빨래방 만리점,서울 마포구 효창원로 240-2
더화이트셀프빨래방 원효로점,서울 용산구 백범로 341
펭귄하우스 래미안용산점,서울 용산구 한강대로 95 래미안 용산 단지 내 상가 B233호
워시피플 후암동108계단점,서울 용산구 신흥로36길 5-1
펭귄하우스 용산트럼프월드점,서울 용산구 한강대로 26 한강대우트럼프월드 3차 2층 201호
워시엔조이 셀프빨래방 경리단길점,서울 용산구 회나무로26길 7
AMPM워시큐 셀프빨래방 이태원점,서울 용산구 회나무로13길 9
24시셀프빨래방플러스 한남점,서울 용산구 독서당로 39 신성미소시티아파트 상가 1층
크린토피아 코인워시 만리한겨레점,서울 마포구 효창목길 23 101호
크린토피아 코인워시365 용문시장점,서울 용산구 원효로53길 41
크린토피아 코인워시 용산해방촌점,서울 용산구 신흥로12길 5
크린토피아 코인워시 용산이편한세상점,서울 용산구 원효로 210-5
금호셀프빨래방,서울 성동구 장터2길 19 1층
코인워시24빨래터 숙대점,서울 용산구 원효로89길 12
화이트365 숙대입구역점,서울 용산구 청파로47길 37-26
24시셀프빨래방 만리점,서울 마포구 효창원로 240-2
더화이트셀프빨래방 원효로점,서울 용산구 백범로 341
펭귄하우스 래미안용산점,서울 용산구 한강대로 95 래미안 용산 단지 내 상가 B233호
워시피플 후암동108계단점,서울 용산구 신흥로36길 5-1
펭귄하우스 용산트럼프월드점,서울 용산구 한강대로 26 한강대우트럼프월드 3차 2층 201호
워시엔조이 셀프빨래방 경리단길점,서울 용산구 회나무로26길 7
AMPM워시큐 셀프빨래방 이태원점,서울 용산구 회나무로13길 9
24시셀프빨래방플러스 한남점,서울 용산구 독서당로 39 신성미소시티아파트 상가 1층
크린토피아 코인워시 만리한겨레점,서울 마포구 효창목길 23 101호
크린토피아 코인워시365 용문시장점,서울 용산구 원효로53길 41
크린토피아 코인워시 용산해방촌점,서울 용산구 신흥로12길 5
크린토피아 코인워시 용산이편한세상점,서울 용산구 원효로 210-5
금호셀프빨래방,서울 성동구 장터2길 19 1층
코인워시24빨래터 숙대점,서울 용산구 원효로89길 12
화이트365 숙대입구역점,서울 용산구 청파로47길 37-26
24시셀프빨래방 만리점,서울 마포구 효창원로 240-2
더화이트셀프빨래방 원효로점,서울 용산구 백범로 341
펭귄하우스 래미안용산점,서울 용산구 한강대로 95 래미안 용산 단지 내 상가 B233호
워시피플 후암동108계단점,서울 용산구 신흥로36길 5-1
펭귄하우스 용산트럼프월드점,서울 용산구 한강대로 26 한강대우트럼프월드 3차 2층 201호
워시엔조이 셀프빨래방 경리단길점,서울 용산구 회나무로26길 7
AMPM워시큐 셀프빨래방 이태원점,서울 용산구 회나무로13길 9
24시셀프빨래방플러스 한남점,서울 용산구 독서당로 39 신성미소시티아파트 상가 1층
크린토피아 코인워시 만리한겨레점,서울 마포구 효창목길 23 101호
크린토피아 코인워시365 용문시장점,서울 용산구 원효로53길 41
크린토피아 코인워시 용산해방촌점,서울 용산구 신흥로12길 5
크린토피아 코인워시 용산이편한세상점,서울 용산구 원효로 210-5
금호셀프빨래방,서울 성동구 장터2길 19 1층
코인워시24빨래터 숙대점,서울 용산구 원효로89길 12
화이트365 숙대입구역점,서울 용산구 청파로47길 37-26
24시셀프빨래방 만리점,서울 마포구 효창원로 240-2
더화이트셀프빨래방 원효로점,서울 용산구 백범로 341
펭귄하우스 래미안용산점,서울 용산구 한강대로 95 래미안 용산 단지 내 상가 B233호
워시피플 후암동108계단점,서울 용산구 신흥로36길 5-1
펭귄하우스 용산트럼프월드점,서울 용산구 한강대로 26 한강대우트럼프월드 3차 2층 201호
워시엔조이 셀프빨래방 경리단길점,서울 용산구 회나무로26길 7
AMPM워시큐 셀프빨래방 이태원점,서울 용산구 회나무로13길 9
24시셀프빨래방플러스 한남점,서울 용산구 독서당로 39 신성미소시티아파트 상가 1층
크린토피아 코인워시 만리한겨레점,서울 마포구 효창목길 23 101호
크린토피아 코인워시365 용문시장점,서울 용산구 원효로53길 41
크린토피아 코인워시 용산해방촌점,서울 용산구 신흥로12길 5
크린토피아 코인워시 용산이편한세상점,서울 용산구 원효로 210-5
금호셀프빨래방,서울 성동구 장터2길 19 1층
코인워시24빨래터 숙대점,서울 용산구 원효로89길 12
화이트365 숙대입구역점,서울 용산구 청파로47길 37-26
24시셀프빨래방 만리점,서울 마포구 효창원로 240-2
더화이트셀프빨래방 원효로점,서울 용산구 백범로 341
펭귄하우스 래미안용산점,서울 용산구 한강대로 95 래미안 용산 단지 내 상가 B233호
워시피플 후암동108계단점,서울 용산구 신흥로36길 5-1
펭귄하우스 용산트럼프월드점,서울 용산구 한강대로 26 한강대우트럼프월드 3차 2층 201호
워시엔조이 셀프빨래방 경리단길점,서울 용산구 회나무로26길 7
AMPM워시큐 셀프빨래방 이태원점,서울 용산구 회나무로13길 9
셀피아 은평녹번점,서울 은평구 녹번로 55
퀴클린24셀프빨래방,서울 은평구 은평로12길 7-10
코인워시24 응암점,서울 은평구 응암로25길 5
코인워시24 역촌점,서울 은평구 서오릉로7길 12-1
24시셀프빨래방,서울 은평구 통일로75길 6-15 행복공간 1층
코인워시24 상명대점,서울 서대문구 세검정로 103
워시엔조이셀프빨래방 은평응암점,서울 은평구 응암로14길 19-1
아쿠아워시셀프빨래방 홍제점,서울 서대문구 세무서9길 15 1층
코인워시24빨래터 구산역점,서울 은평구 역말로9길 1
코인워시24빨래방 연신내점,서울 은평구 연서로27길 33
크린업24셀프빨래방 응암역점,서울 은평구 은평로 88 백명트랜디 1층
워시맨,서울 은평구 은평로10길 6-1
워시스토리 구산점,서울 은평구 갈현로11길 14
워시피플셀프빨래방 불광동점,서울 은평구 불광로 90 제상가동 1층 157호
코인워시24빨래터 은평점,서울 은평구 연서로3길 20
워시프렌즈 서울갈현동점,서울 은평구 연서로17길 9 베로니스 1층 101호
코인워시24셀프빨래방 종로점,서울 종로구 진흥로 483
크린업24 셀프빨래방 은평응암점,서울 은평구 연서로 31
위니아24크린샵은평신사점,서울 은평구 은평로3가길 33
워시엔조이 은평신사점,서울 은평구 갈현로1길 6-3
코런셀프빨래방 갈현점,서울 은평구 연서로23길 7-7 1층
클린맙,서울 은평구 역말로 73 1층
워시엔조이 은평역촌점,서울 은평구 연서로3가길 14
24시셀프빨래터 응암3호점,서울 은평구 응암로12길 26-1
AMPM워시큐 신영점,서울 종로구 진흥로 477-3
워시타임셀프빨래방 갈현점,서울 은평구 갈현로 181-7
셀프크리닝,서울 은평구 역말로4길 8
크린업24셀프빨래방 구산점,서울 은평구 갈현로15길 8
신사워시24시셀프빨래방,서울 은평구 증산로15길 13
더런드리 응암점,서울 은평구 응암로 294
더런드리셀프빨래방 응암점,서울 은평구 응암로 294 1층
라이프딜리버리,서울 은평구 역말로 75 1층
화이트365 은평역촌점,서울 은평구 진흥로1길 48
셀피아 불광점,서울 은평구 불광로 112
마마운동화이불빨래방 응암점,서울 은평구 응암로22길 15
뽀송뽀송 COIN WASH,서울 은평구 통일로 745-4
이지워시셀프빨래방 홍은점,서울 서대문구 홍은중앙로3길 9
워시맨셀프빨래방 응암1점,서울 은평구 은평로10길 6-1
더런드리셀프빨래방 응암점,서울 은평구 응암로 294 1층
라이프딜리버리,서울 은평구 역말로 75 1층
화이트365 은평역촌점,서울 은평구 진흥로1길 48
셀피아 불광점,서울 은평구 불광로 112
마마운동화이불빨래방 응암점,서울 은평구 응암로22길 15
뽀송뽀송 COIN WASH,서울 은평구 통일로 745-4
이지워시셀프빨래방 홍은점,서울 서대문구 홍은중앙로3길 9
워시맨셀프빨래방 응암1점,서울 은평구 은평로10길 6-1
더런드리셀프빨래방 응암점,서울 은평구 응암로 294 1층
라이프딜리버리,서울 은평구 역말로 75 1층
화이트365 은평역촌점,서울 은평구 진흥로1길 48
셀피아 불광점,서울 은평구 불광로 112
마마운동화이불빨래방 응암점,서울 은평구 응암로22길 15
뽀송뽀송 COIN WASH,서울 은평구 통일로 745-4
이지워시셀프빨래방 홍은점,서울 서대문구 홍은중앙로3길 9
워시맨셀프빨래방 응암1점,서울 은평구 은평로10길 6-1
24시셀프빨래방,서울 중구 퇴계로4길 49 1층
동국셀프빨래방,서울 중구 서애로1길 11
코인워시24 셀프빨래방 성균관대점,서울 종로구 성균관로 40
코인워시24빨래터 창신점,서울 종로구 창신길 47
코인워시24 광화문점,서울 종로구 사직로8길 15-2
코인워시24빨래터 서대문역점,서울 서대문구 경기대로 80
셀프빨래방24시 한성대점,서울 성북구 삼선교로10다길 6
워시프렌즈 서울혜화점,서울 종로구 혜화로6길 9 1층
크린토피아 코인워시 독립문현대점,서울 종로구 통일로 246-10 무악현대프라자 1층 106호
크린토피아 코인워시 북아현이편한세상신촌점,서울 서대문구 신촌로29길 26
셀빨래방 독립문점,서울 서대문구 독립문로 42 1층
코인워시24빨래터 북아현점,서울 서대문구 북아현로 82-1
크린토피아 코인워시365 롯데수퍼홍제점,서울 서대문구 통일로 397
크린업24 한성대점,서울 성북구 삼선동3가 116 1층
원더런드리,서울 마포구 손기정로 8 1층
이지워시 교남점,서울 종로구 송월길 155 경희궁자이4단지 상가 1층 31호
미스터셀프크리닝 삼선교점,서울 성북구 삼선교로10길 64
펭귄하우스 아현점,서울 서대문구 북아현로1가길 20 e편한세상1단지 상가 B102호
이지워시 교남점,서울 종로구 송월길 155 경희궁자이4단지 상가 1층 31호
미스터셀프크리닝 삼선교점,서울 성북구 삼선교로10길 64
펭귄하우스 아현점,서울 서대문구 북아현로1가길 20 e편한세상1단지 상가 B102호
이지워시 교남점,서울 종로구 송월길 155 경희궁자이4단지 상가 1층 31호
미스터셀프크리닝 삼선교점,서울 성북구 삼선교로10길 64
펭귄하우스 아현점,서울 서대문구 북아현로1가길 20 e편한세상1단지 상가 B102호
이지워시 교남점,서울 종로구 송월길 155 경희궁자이4단지 상가 1층 31호
미스터셀프크리닝 삼선교점,서울 성북구 삼선교로10길 64
펭귄하우스 아현점,서울 서대문구 북아현로1가길 20 e편한세상1단지 상가 B102호
24시셀프빨래방,서울 중구 퇴계로4길 49 1층
동국셀프빨래방,서울 중구 서애로1길 11
크린토피아 코인워시 신당약수점,서울 중구 동호로8길 5
코인워시24빨래터 창신점,서울 종로구 창신길 47
코인워시24시빨래터 서부역점,서울 중구 만리동1가 231 LIG리가아파트 103동 1층 상가
코인워시24 광화문점,서울 종로구 사직로8길 15-2
크린토피아 코인워시 신당6동점,서울 중구 다산로42나길 46
코인워시24빨래터 서대문역점,서울 서대문구 경기대로 80
셀프빨래방,서울 종로구 숭인동길 54
금호셀프빨래방,서울 성동구 장터2길 19 1층
스피드24클리닝,서울 종로구 종로 347 롯데캐슬천지인 지하1층
AMPM워시큐 청계블루,서울 중구 난계로23길 27
24시동전빨래방,서울 용산구 청파로85길 52
크린토피아 코인워시 왕십리텐즈힐점,서울 성동구 무학로 33 텐즈힐 117동 B108호
화이트365 신당점,서울 중구 퇴계로86길 100 1층
워시하우스 왕십리점,서울 성동구 왕십리로 410 센트라스상가 I동 140호
크린토피아 코인워시 왕십리센트라스점,서울 성동구 왕십리로 410 센트라스 상가 J동 141호
펭귄하우스 크리닝센터 (숭인동점),서울 종로구 난계로29길 14
화이트365 신당역점,서울 중구 다산로46길 17
워시프렌즈 셀프빨래방 신당상왕십리점,서울 중구 신당동 855 상가 2층 6호
위니아24크린샵 숭인점,서울 종로구 종로56길 16
워시하우스 왕십리점,서울 성동구 왕십리로 410 센트라스상가 I동 140호
크린토피아 코인워시 왕십리센트라스점,서울 성동구 왕십리로 410 센트라스 상가 J동 141호
펭귄하우스 크리닝센터 (숭인동점),서울 종로구 난계로29길 14
화이트365 신당역점,서울 중구 다산로46길 17
워시프렌즈 셀프빨래방 신당상왕십리점,서울 중구 신당동 855 상가 2층 6호
위니아24크린샵 숭인점,서울 종로구 종로56길 16
워시하우스 왕십리점,서울 성동구 왕십리로 410 센트라스상가 I동 140호
크린토피아 코인워시 왕십리센트라스점,서울 성동구 왕십리로 410 센트라스 상가 J동 141호
펭귄하우스 크리닝센터 (숭인동점),서울 종로구 난계로29길 14
화이트365 신당역점,서울 중구 다산로46길 17
워시프렌즈 셀프빨래방 신당상왕십리점,서울 중구 신당동 855 상가 2층 6호
위니아24크린샵 숭인점,서울 종로구 종로56길 16
워시하우스 왕십리점,서울 성동구 왕십리로 410 센트라스상가 I동 140호
크린토피아 코인워시 왕십리센트라스점,서울 성동구 왕십리로 410 센트라스 상가 J동 141호
펭귄하우스 크리닝센터 (숭인동점),서울 종로구 난계로29길 14
화이트365 신당역점,서울 중구 다산로46길 17
워시프렌즈 셀프빨래방 신당상왕십리점,서울 중구 신당동 855 상가 2층 6호
위니아24크린샵 숭인점,서울 종로구 종로56길 16
24시셀프빨래방 중랑점,서울 중랑구 중랑천로10길 93
우리셀프빨래방 협동조합 망우점,서울 중랑구 봉우재로 207
크린토피아 코인워시 태릉입구역점,서울 노원구 동일로178길 29-3
크린토피아 코인365 석계역점,서울 성북구 한천로80길 46
24시셀프빨래방 묵동점,서울 중랑구 중랑역로 171 1층
워쉬앤워쉬 셀프빨래방,서울 중랑구 중랑역로 80 1층
워시엔조이 중랑신내점,서울 중랑구 신내로 225 디아뜨갤러리 1층 130호
워시프렌즈 태릉입구엠코점,서울 노원구 동일로 986 노원프레미어스엠코 102동 134호
워시엔조이 망우점,서울 중랑구 봉우재로57길 58 1층
24시셀프빨래방 이문점,서울 동대문구 한천로 429
24시셀프빨래방 상봉역점,서울 중랑구 면목로92길 29
워시엔조이 셀프빨래방 태릉입구역점,서울 중랑구 동일로 952 1층
런드리데이 석관점,서울 성북구 화랑로40길 38 신우빌딩 1층
우리동네빨래방 상봉점,서울 중랑구 면목로95길 12
워시프렌즈 상봉역점,서울 중랑구 봉화산로30길 97 1층
크린업24 면목점,서울 중랑구 면목로78길 41
셀프24시빨래방 상봉역점,서울 중랑구 면목로92길 29
중화동빨래방,서울 중랑구 봉화산로21길 14-8
워시스토리 망우역점,서울 중랑구 상봉중앙로1다길 63 1층
셀프빨래방 상봉점,서울 중랑구 봉우재로 149
화이트365 태릉점,서울 중랑구 묵동 68-2
크린업24 상봉점,서울 중랑구 봉화산로 112
셀프빨래방중랑하늘점,서울 중랑구 숙선옹주로5길 4-4
셀빨래방 망우점,서울 중랑구 용마공원로 16
런드리나인 중랑점,서울 중랑구 중랑천로 65
워시쿱 신내동점,서울 중랑구 용마산로129나길 3 청기와빌딩 1층 103호
뽀송뽀송코인워시,서울 중랑구 신내역로3길 8
크린업24셀프빨래방 면목점,서울 중랑구 면목로78길 41
우리셀프빨래방협동조합,서울 중랑구 봉우재로 232
크린업24 면목점,서울 중랑구 면목로78길 41
셀프24시빨래방 상봉역점,서울 중랑구 면목로92길 29
중화동빨래방,서울 중랑구 봉화산로21길 14-8
워시스토리 망우역점,서울 중랑구 상봉중앙로1다길 63 1층
셀프빨래방 상봉점,서울 중랑구 봉우재로 149
화이트365 태릉점,서울 중랑구 묵동 68-2
크린업24 상봉점,서울 중랑구 봉화산로 112
셀프빨래방중랑하늘점,서울 중랑구 숙선옹주로5길 4-4
셀빨래방 망우점,서울 중랑구 용마공원로 16
런드리나인 중랑점,서울 중랑구 중랑천로 65
워시쿱 신내동점,서울 중랑구 용마산로129나길 3 청기와빌딩 1층 103호
뽀송뽀송코인워시,서울 중랑구 신내역로3길 8
크린업24셀프빨래방 면목점,서울 중랑구 면목로78길 41
우리셀프빨래방협동조합,서울 중랑구 봉우재로 232
크린업24 면목점,서울 중랑구 면목로78길 41
셀프24시빨래방 상봉역점,서울 중랑구 면목로92길 29
중화동빨래방,서울 중랑구 봉화산로21길 14-8
워시스토리 망우역점,서울 중랑구 상봉중앙로1다길 63 1층
셀프빨래방 상봉점,서울 중랑구 봉우재로 149
화이트365 태릉점,서울 중랑구 묵동 68-2
크린업24 상봉점,서울 중랑구 봉화산로 112
셀프빨래방중랑하늘점,서울 중랑구 숙선옹주로5길 4-4
셀빨래방 망우점,서울 중랑구 용마공원로 16
런드리나인 중랑점,서울 중랑구 중랑천로 65
워시쿱 신내동점,서울 중랑구 용마산로129나길 3 청기와빌딩 1층 103호
뽀송뽀송코인워시,서울 중랑구 신내역로3길 8
크린업24셀프빨래방 면목점,서울 중랑구 면목로78길 41
우리셀프빨래방협동조합,서울 중랑구 봉우재로 232
크린업24 면목점,서울 중랑구 면목로78길 41
셀프24시빨래방 상봉역점,서울 중랑구 면목로92길 29
중화동빨래방,서울 중랑구 봉화산로21길 14-8
워시스토리 망우역점,서울 중랑구 상봉중앙로1다길 63 1층
셀프빨래방 상봉점,서울 중랑구 봉우재로 149
화이트365 태릉점,서울 중랑구 묵동 68-2
크린업24 상봉점,서울 중랑구 봉화산로 112
셀프빨래방중랑하늘점,서울 중랑구 숙선옹주로5길 4-4
셀빨래방 망우점,서울 중랑구 용마공원로 16
런드리나인 중랑점,서울 중랑구 중랑천로 65
워시쿱 신내동점,서울 중랑구 용마산로129나길 3 청기와빌딩 1층 103호
뽀송뽀송코인워시,서울 중랑구 신내역로3길 8
크린업24셀프빨래방 면목점,서울 중랑구 면목로78길 41
우리셀프빨래방협동조합,서울 중랑구 봉우재로 232
