name,address,other_address
화이트365 대치점,서울 강남구 선릉로76길 34 다영빌딩 1층,(지번) 대치동 906-12
워시엔조이코인워시셀프빨래방 청담점,서울 강남구 도산대로72길 33 지하 101호,(지번) 청담동 13-40
크린토피아 코인워시 선릉역점,서울 강남구 테헤란로53길 23,(지번) 역삼동 697-8
버블맨24셀프빨래방 언주역점,서울 강남구 언주로103길 40 1층,(지번) 역삼동 657-27
워시엔조이 선릉역점,서울 강남구 테헤란로43길 30,(지번) 역삼동 704-3
화이트365 강남점,서울 강남구 학동로43길 33,(지번) 논현동 107-43
크린토피아 코인워시 강남언주역점,서울 강남구 봉은사로25길 13,(지번) 논현동 193-41
화이트365 강남논현점,서울 강남구 학동로30길 43,(지번) 논현동 220-9
워시엔조이 대치점,서울 강남구 삼성로69길 11,(지번) 대치동 913-25
크린토피아 코인워시 잠원본점,서울 서초구 신반포로45길 32 1층,(지번) 잠원동 35-33
워시엔조이 삼성점,서울 강남구 봉은사로71길 32 1층,(지번) 삼성동 25-32
워시엔조이 강남논현점,서울 강남구 강남대로128길 21 1층,(지번) 논현동 122-24
크린토피아 코인워시365 역삼1동점,서울 강남구 봉은사로44길 43 오빌벤처센터 1층,(지번) 역삼동 690-3
셀빨래방 잠원점,서울 서초구 강남대로97길 65,(지번) 잠원동 24-1
런드리존 논현점,서울 강남구 학동로20길 49 1층,(지번) 논현동 149-1
위니아24크린샵 역삼점,서울 강남구 테헤란로37길 41,(지번) 역삼동 673-18
자탁소셀프빨래방 잠원점,서울 서초구 신반포로43길 23-6,(지번) 잠원동 44-20
크린토피아 코인워시 반포언구비점,서울 서초구 강남대로83길 64-2 102호,(지번) 반포동 732-29
더런드리 역삼점,서울 강남구 선릉로107길 25 1층,(지번) 역삼동 684-8
더런드리 논현점,서울 강남구 논현로123길 31 103호,(지번) 논현동 150-3
위워시 반포점,서울 서초구 사평대로55길 65-9,(지번) 반포동 734-4
워시엔조이 반포점,서울 서초구 주흥길 78,(지번) 반포동 703-14
세탁나눔방24시,서울 강남구 도산대로85길 30 2층,(지번) 청담동 122-35
더런드리 강남반포점,서울 서초구 사평대로53길 93-19,(지번) 반포동 719-3
크린업24 반포점,서울 서초구 주흥6길 38-2,(지번) 반포동 733-5
더런드리 대치2호점,서울 강남구 삼성로69길 27,(지번) 대치동 916-37
워시테리아 대치점,서울 강남구 삼성로75길 52 1층,(지번) 대치동 901-9
크린업24 강남논현점,서울 강남구 강남대로124길 47,(지번) 논현동 138-16
위니아24크린샵 삼성점,서울 강남구 삼성로103길 12 1층,(지번) 삼성동 121-38
펭귄에이전시 (penguin agency),서울 강남구 봉은사로69길 27,(지번) 삼성동 46-37
크린토피아 코인워시365 청담경원점,서울 강남구 도산대로 446 경원하이츠텔 1층,(지번) 청담동 5
워시테리아 천호점,서울 강동구 올림픽로 660 1층,(지번) 천호동 427-3
런드로멧24셀프빨래방 성내점,서울 강동구 천호대로170길 27,(지번) 성내동 383
코인워시24 길동점,서울 강동구 양재대로124길 85,(지번) 길동 76
셀피아 구의동점,서울 광진구 아차산로63길 7,(지번) 구의동 219-39
24시셀프빨래방,서울 강동구 풍성로37가길 9,(지번) 성내동 285-2
워시엔조이 길동점,서울 강동구 진황도로49길 46,(지번) 길동 228-7
크린토피아 코인워시 강동둔촌역점,서울 강동구 풍성로54길 41 1층,(지번) 성내동 427-51
화이트365 강동역점,서울 강동구 진황도로 45-1,(지번) 천호동 165-6
워시엔조이 셀프빨래방 강동점,서울 강동구 올림픽로 572 코오롱2차아파트상가 101동 109호,(지번) 성내동 595
24시셀프빨래방,서울 강동구 구천면로42길 65,(지번) 천호1동 86-7
화이트365 방이점,서울 송파구 오금로11길 55-8,(지번) 방이동 49-4
화이트365 송파풍납점,서울 송파구 올림픽로47길 20,(지번) 풍납동 403-10
셀프빨래방,서울 강동구 성안로25길 21 103호,(지번) 천호동 169-12
크린토피아 코인워시 강동구청점,서울 강동구 성내로 73,(지번) 성내동 542-5
24시 셀프빨래방 풍납점,서울 송파구 올림픽로51길 40,(지번) 풍납동 230-25
셀피아 길동점,서울 강동구 양재대로124길 40 103호,(지번) 길동 339-3
위니아대우24크린샵셀프빨래방 서울둔촌점,서울 강동구 풍성로65길 76,(지번) 둔촌동 77-53
워시스토리셀프빨래방 강동성내타운점,서울 강동구 양재대로103길 59 메이저하우스 1층 101호,(지번) 성내동 381
워시테리아 길동점,서울 강동구 천호대로199길 25,(지번) 길동 123-2
24시셀프빨래방 천호2호점,서울 강동구 구천면로41길 33,(지번) 천호동 303-11
코인워시 길동점,서울 강동구 천중로49길 10,(지번) 길동 345-1
코인워시24빨래터 풍납점,서울 송파구 풍성로25길 23,(지번) 풍납동 485-2
뽀송뽀송코인워시 홈플러스 잠실점,서울 송파구 올림픽로35가길 16 지하 1층,(지번) 신천동 7-12
셀빨래방 성내점,서울 강동구 양재대로 1385,(지번) 성내3동 415-1
크린업셀프빨래방 천호점,서울 강동구 진황도로27길 47,(지번) 천호동 191-85
크린업24 길동점,서울 강동구 양재대로124길 32,(지번) 길동 339-1
워시프렌즈 성내점,서울 강동구 양재대로87길 53,(지번) 성내동 437-5
퍼크로셀프세탁,서울 강동구 길동 26,
셀프빨래방,서울 강동구 양재대로89길 53,(지번) 성내동 431-16
셀빨래방,서울 강동구 천중로35길 22,(지번) 천호동 54
셀피아 둔촌점,서울 강동구 명일로 166 1층,(지번) 둔촌동 622
천호사,서울 강동구 상암로27길 16,(지번) 천호동 227-6
화이트365 천호점,서울 강동구 올림픽로89길 27-30 1층,(지번) 천호동 321-74
크린토피아 코인워시 수유5동점,서울 강북구 수유로 58-1 1층,(지번) 수유동 46-36
크린토피아 코인워시 쌍문중앙점,서울 도봉구 도봉로110나길 62 1층,(지번) 창동 658-2
크린토피아 코인워시365 강북구청점,서울 강북구 한천로139나길 11,(지번) 수유동 192-10
화이트365 미아점,서울 강북구 솔매로44길 27,(지번) 미아동 305-41
워시하우스 창동점,서울 도봉구 해등로16다길 14 1층,(지번) 창동 301-30
크린토피아 코인워시 미아역점,서울 강북구 도봉로65길 13,(지번) 미아동 217-15
워시하우스 번동점,서울 강북구 한천로132길 34 1층,(지번) 번동 462-21
크린토피아 코인워시365 수유1동주민센터점,서울 강북구 삼양로77길 20,(지번) 수유동 605-646
코인워시24 수유점,서울 강북구 도봉로76길 16,(지번) 미아동 187-37
워시엔조이 강북수유점,서울 강북구 삼양로 485 1층,(지번) 수유동 285-6
24시셀프빨래방,서울 도봉구 덕릉로60길 9,(지번) 창동 446-3
크린토피아 코인워시 쌍문점,서울 도봉구 노해로41길 22 1층,(지번) 쌍문동 306-9
크린토피아 코인워시 강북우이시장점,서울 강북구 한천로160길 9 1층,(지번) 수유동 254-4
크린토피아 코인워시 수유벽산점,서울 강북구 삼양로112길 29 1층,(지번) 수유동 208-80
크린토피아 코인워시365 수유3동점,서울 강북구 노해로11길 31,(지번) 수유동 23-43
크린토피아 코인워시365 덕성여대점,서울 도봉구 우이천로 481-1 덕성블루빌 1층,(지번) 쌍문동 492-23
워시프렌즈 창동녹천역점,서울 도봉구 덕릉로 398 주공17단지복합상가 103호,(지번) 창동 38-1
크린토피아 코인워시365 신창초교점,서울 도봉구 우이천로12길 29,(지번) 창동 537-15
화이트365 수유시장점,서울 강북구 삼양로74길 76,(지번) 미아동 237-15
셀프빨래방 창동점,서울 도봉구 도봉로104길 103 1층 24시 셀프 빨래방,(지번) 창동 623-40
워시하우스 수유점,서울 강북구 도봉로95길 34 1층,(지번) 수유동 172-215
크린업24 번동점,서울 강북구 오현로31길 13,(지번) 번동 313-1
워시엔조이 쌍문점,서울 도봉구 우이천로 346-9 1층,(지번) 쌍문동 349-29
위워시 번동점,서울 강북구 한천로132길 63,(지번) 번동 465-93
크린업24 수유점,서울 강북구 인수봉로78길 31,(지번) 수유동 293-3
워시엔조이 쌍문2동점,서울 도봉구 도봉로125길 48,(지번) 쌍문동 683-1
크린토피아 코인워시 수유역점,서울 강북구 도봉로97길 26 1층,(지번) 수유동 169-5
엔조이,서울 강북구 도봉로87길 3-10,(지번) 수유동 229-38
크린업24 강북구청점,서울 강북구 한천로140길 11-14,(지번) 수유동 176-40
워시프렌즈셀프빨래방 노원월계2동점,서울 노원구 초안산로5길 12,(지번) 월계동 776
화이트365 창동점,서울 도봉구 도봉로106길 71,(지번) 창동 623-6
더런드리 쌍문점,서울 도봉구 노해로 234 1층,(지번) 쌍문동 143-7
코인워시인덕대점,서울 노원구 초안산로2라길 23,(지번) 월계동 274
코인워시24 수유4.19점,서울 강북구 삼각산로 144,(지번) 수유동 37-1
해피워시24코인워시 수유점,서울 강북구 도봉로 290 106호,(지번) 미아동 160-3
화이트365 화계역점,서울 강북구 삼양로85길 46,(지번) 수유동 472-112
런드리나인 셀프빨래방 오패산점,서울 강북구 오패산로52길 45,(지번) 미아동 258-527
크린토피아 코인워시365 도봉신화초교점,서울 도봉구 우이천로4라길 37 1층,(지번) 창동 504-16
더런드리셀프빨래방 쌍문점,서울 도봉구 노해로 234,(지번) 쌍문동 143-7
워시엔조이 셀프빨래방 수유역점,서울 강북구 오패산로77길 13-1 다우빌딩 1층,(지번) 번동 445-50
버블맨24 수유1호점,서울 강북구 노해로23길 17,(지번) 수유동 252-136
스피드퀸,서울 강북구 한천로109길 82,(지번) 번동 157-3
크린업24 셀프빨래방 마곡점,서울 강서구 강서로 433 마곡오드카운티2차 121호,(지번) 마곡동 784-9
크린토피아 코인워시 목2동주민센터점,서울 양천구 목동중앙본로 88-1 윤순빌딩 1층,(지번) 목동 555-2
더런드리 가양점,서울 강서구 양천로 443-36 103호,(지번) 가양동 1479-3
크린토피아 코인워시 화곡보람점,서울 강서구 까치산로4길 36 1층,(지번) 화곡동 98-101
워시테리아 신월점,서울 양천구 월정로50길 18-1,(지번) 신월동 19-3
크린업24셀프빨래방 등촌점,서울 강서구 화곡로68길 132,(지번) 등촌동 636
워시엔조이 등촌역점,서울 강서구 공항대로57길 27,(지번) 등촌동 646-39
크린토피아 코인워시 목3동주민센터점,서울 양천구 목동중앙북로8길 64,(지번) 목동 646-12
워시엔조이 화곡점,서울 강서구 화곡로25길 35,(지번) 화곡동 1049-5
코인워시24빨래터 강서구청점,서울 강서구 까치산로 101,(지번) 화곡동 971-4
워시스토리 목2동점,서울 양천구 목동중앙북로16길 24 1층,(지번) 목동 535-3
버블맨24 신목동점,서울 양천구 목동중앙로13가길 14,(지번) 목동 128-14
크린업24 가양역점,서울 강서구 화곡로68길 16 한빛더웨스트윙스,(지번) 등촌동 639-4
워시엔조이 셀프빨래방 강서마곡점,서울 강서구 방화대로8길 38 1층,(지번) 공항동 1345-2
셀빨래방 화곡점,서울 강서구 까치산로 123,(지번) 화곡동 977-4
크린토피아 코인워시 목동시장점,서울 양천구 목동중앙남로 72 공덕빌라 1층 104호,(지번) 목동 718-2
백의민족 셀프빨래방 등촌점,서울 강서구 등촌로39길 17 1층 2호,(지번) 등촌동 514-2
워시하우스,서울 강서구 공항대로 213 보타닉파크타워2 913호,(지번) 마곡동 727-1128
코인워시24 목동점,서울 양천구 목동중앙북로8라길 34 1층 101호,(지번) 목3동 621-11
크린토피아 코인워시 강서마곡벨리오점,서울 강서구 강서로 439 벨리오 110호,(지번) 마곡동 727-1229
크린토피아 코인워시 강서등촌주민센터점,서울 강서구 양천로60길 60 이수빌딩  1층,(지번) 등촌동 641-12
크린업24 염창점,서울 강서구 공항대로65길 65,(지번) 염창동 266-14
크린토피아 코인워시 화곡6동점,서울 강서구 화곡로50길 16 1층,(지번) 화곡동 975-31
아쿠아워시 강서구청사거리점,서울 강서구 화곡로64길 2 경동미르웰상가 1층,(지번) 등촌동 656
크린업24셀프빨래방 내발산점,서울 강서구 강서로48길 33 1층,(지번) 내발산동 676-21
크린토피아 코인워시365 등촌진로아파트점,서울 강서구 화곡로63길 133 1층,(지번) 등촌동 663-3
워시테리아빨래방 목동점,서울 양천구 목동중앙본로 24 1층,(지번) 목동 751-3
워시테리아 화곡점,서울 강서구 화곡로31길 79 1층,(지번) 화곡동 1030
크린토피아 코인워시 강서마곡6단지점,서울 강서구 마곡서1로 100 6단지 상가 101호,(지번) 마곡동 731-79
AMPM워시큐 마곡나루역점,서울 강서구 마곡중앙5로 6,(지번) 마곡동 282-2
브로스셀프빨래방 화곡점,서울 강서구 강서로37길 17 1층,(지번) 화곡동 1035
크린토피아 코인워시 강서마곡11단지점,서울 강서구 공항대로 124 11단지 상가,(지번) 마곡동 730-431
아쿠아워시 서울강서화곡동점,서울 강서구 화곡로 346 귀뚜라미홈시스텔 1층 106호,(지번) 화곡동 1111-2
워시타임 화곡8동점,서울 강서구 초록마을로32길 1,(지번) 화곡동 412-1
크린업24 화곡3동점,서울 강서구 화곡로13길 137,(지번) 화곡동 1015-22
더런드리 목동중앙점,서울 양천구 목동중앙남로14가길 49 1층,(지번) 목동 711-2
24시셀프빨래방 신이주단지점,서울 강서구 방화대로6길 24 1층,(지번) 공항동 1362-6
크린토피아 코인워시 목동강서고교점,서울 양천구 목동중앙남로 7 1층,(지번) 목동 772-4
워시프렌즈 마곡점,서울 강서구 강서로 447 미르웰플러스 오피스텔 113호,(지번) 마곡동 784-4
크린토피아 코인워시 강서점,서울 강서구 곰달래로59길 67 1층,(지번) 화곡동 773-2
크린토피아 코인워시 마곡역점,서울 강서구 마곡중앙6로 10 센트럴푸르지오시티 1층 118호,(지번) 마곡동 727-1084
워시엔조이 마곡역점,서울 강서구 마곡중앙6로 10 센트럴푸르지오시티 상가 1층 111호,(지번) 마곡동 727-1084
워시프렌즈 서울까치산점,서울 강서구 곰달래로27길 91,(지번) 화곡동 395-1
워시프렌즈 양천구목4동점,서울 양천구 목동중앙본로 31 1층 101호,(지번) 목동 747-6
크린업24 강서화곡6동점,서울 강서구 우장산로16길 36,(지번) 화곡동 997-6
크린토피아 코인워시365 화곡신정점,서울 강서구 등촌로13바길 37 1층,(지번) 화곡동 818-12
워시프레쉬 화곡점,서울 강서구 초록마을로 46 한울캐스빌 101호,(지번) 화곡동 51-45
워시스토리셀프빨래방 화곡봉제산점,서울 강서구 초록마을로 129,(지번) 화곡동 152-6
AMPM워시큐 셀프빨래방 발산역점,서울 강서구 강서로 405 우성르보아1차 106호,(지번) 마곡동 727-1261
크린업24 화곡본동점,서울 강서구 까치산로 93,(지번) 화곡동 29-30
워시테리아 등촌점,서울 강서구 등촌로39가길 11 1층,(지번) 등촌동 514-24
워시프렌즈 서울마곡동점,서울 강서구 강서로 447 미르웰플러스오피스텔 1층 113호,(지번) 마곡동 727-1228
크린업24 우장산점,서울 강서구 강서로50길 72,(지번) 내발산동 731
코런런드리 내발산점,서울 강서구 강서로45라길 35,(지번) 내발산동 716
코런24시셀프빨래방,서울 양천구 등촌로 142,(지번) 목동 709
화이트24셀프빨래방 발산점,서울 강서구 강서로 411 마곡에비앙오피스텔 1층 109호,(지번) 마곡동 727-1252
크린토피아 코인워시 관악대학동점,서울 관악구 신림로17길 42 1층,(지번) 신림동 1536-11
화이트365 봉천2호점,서울 관악구 청룡7길 28 1층,(지번) 봉천동 879-3
24셀프빨래방 더런드리 봉천점,서울 관악구 관악로15길 39,(지번) 봉천동 877-1
코인워시24빨래터 낙성대점,서울 관악구 남부순환로244길 26,(지번) 봉천동 1631-11
화이트365 신림점,서울 관악구 신림로67길 14,(지번) 신림동 1432-50
크린토피아 코인워시 신림성모성당점,서울 관악구 신림로68길 43 1층,(지번) 신림동 1418-20
크린토피아 코인워시 사당역점,서울 동작구 사당로26길 130-3,(지번) 사당동 1037-11
24시간셀프빨래방 은천점,서울 관악구 양녕로1길 48,(지번) 봉천동 908-66
빨리셀프크리닝,서울 관악구 신림로 224,(지번) 신림동 92-285
24시셀프빨래방,서울 관악구 호암로24길 12,(지번) 신림동 1532
크린업24셀프빨래방 관악신림점,서울 관악구 신림로64길 71,(지번) 신림동 1409-10
워시프렌즈 관악신림동점,서울 관악구 신림로14길 29 성문독서실 1층,(지번) 신림동 123-1
크린토피아 코인워시 숭실대역점,서울 동작구 상도로62길 13,(지번) 상도동 493-5
크린토피아 코인워시 사당두성점,서울 동작구 동작대로29길 69 110호,(지번) 사당동 120-1
크린토피아 코인워시 봉천중앙시장점,서울 관악구 관악로 211 1층,(지번) 봉천동 32-2
크린토피아 코인워시 방배롯데캐슬점,서울 서초구 청두곶9길 22 1층,(지번) 방배동 457-33
AMPM워시큐 신림점,서울 관악구 신림로48길 6,(지번) 신림동 92-362
화이트365 관악신원점,서울 관악구 신원로3가길 6,(지번) 신림동 1606-4
더런드리 신림점,서울 관악구 봉천로4길 28 1층,(지번) 신림동 1452-1
화이트365 사당점,서울 관악구 남현길 68,(지번) 남현동 1082-25
펭귄하우스 남현1호점,서울 관악구 승방4길 10 101호,(지번) 남현동 602-26
코인워시24 셀프빨래방 사당역점,서울 동작구 남부순환로 2027,(지번) 사당동 1049-15
화이트365 이수역점,서울 동작구 동작대로15길 65 1층,(지번) 사당동 1015-21
위니아24크린샵 방배2호점,서울 서초구 방배중앙로25길 38,(지번) 방배동 766-34
워시엔조이 신림역점,서울 관악구 관천로10길 4,(지번) 신림동 1433-170
크린토피아 코인워시 신림문화의거리점,서울 관악구 신림동길 42,(지번) 신림동 1457-19
파란빨래방,서울 관악구 남부순환로230길 55 1층,(지번) 봉천동 1614-1
퍼펙트코인빨래방,서울 관악구 은천로 14 쁘띠그린힐 1층,(지번) 봉천동 957-6
더런드리셀프빨래방 청룡점,서울 관악구 청룡길 26,(지번) 봉천동 915-2
워시엔조이셀프빨래방 관악청룡점,서울 관악구 청룡3길 1 1층,(지번) 봉천동 895-15
코인워시24빨래터 신림점,서울 관악구 호암로 579,(지번) 신림동 1529
워시라움 신림쑥고개점,서울 관악구 쑥고개로2길 43 1층,(지번) 신림동 1564-55
크린토피아 코인워시 관악드림타운점,서울 관악구 은천로25길 69 에이플러스프라자 1층 112호,(지번) 봉천동 480-3
워시프렌즈셀프빨래방 서울사당점,서울 동작구 사당로26길 67 1층,(지번) 사당동 1021-5
워시엔조이 낙성대점,서울 관악구 인헌길 71,(지번) 봉천동 180-125
워시엔조이 신림점,서울 관악구 신림로23길 65 인진빌딩,(지번) 신림동 1554-19
크린업24 난곡점,서울 관악구 난곡로31길 8,(지번) 신림동 707-10
런드리익스프레스 인헌점,서울 관악구 인헌3나길 2 1층,(지번) 봉천동 1643-5
화이트365 낙성대역점,서울 관악구 남부순환로 1929-9 더케이트 1층 102호,(지번) 봉천동 1686-27
크린업24 사당점,서울 동작구 사당로16가길 49,(지번) 사당동 269-15
셀프크리닝,서울 관악구 신원로3길 14,(지번) 신원동 1600-6
워시엔조이 셀프빨래방 신림난곡점,서울 관악구 법원단지길 48 유진빌딩 1층,(지번) 신림동 612-40
서울대입구점런드리익스프레스샵,서울 관악구 관악로13길 20,(지번) 봉천동 866-7
워시프렌즈 사당남성역점,서울 동작구 사당로 178,(지번) 사당동 217-7
셀프빨래방 중앙점,서울 관악구 중앙1길 11,(지번) 봉천동 56-119
클린업24시 셀프빨래방 서울대점,서울 관악구 신림로12길 17,(지번) 신림동 122-28
빨리셀프크리닝,서울 동작구 상도로 410,(지번) 상도동 125-15
크린업24 셀프빨래방 대학동서울대점,서울 관악구 신림로17길 59 동원빌딩 1층,(지번) 신림동 1542-14
셀피아셀프빨래방 사당점,서울 동작구 동작대로11길 103 1층,(지번) 사당동 316-25
런드리카페 셀프빨래방 신림점,서울 관악구 신림로23길 65,(지번) 신림동 1554-19
더런드리셀프빨래방 서울대입구점,서울 관악구 행운1마길 2 태우미소가 1층,(지번) 봉천동 30-8
셀빨래방 보라매점,서울 동작구 보라매로3길 29,(지번) 신대방동 708
자탁소 셀프빨래방 쑥고개점,서울 관악구 청룡8길 76,(지번) 봉천동 1526-32
화이트365 관악신원2호점,서울 관악구 남부순환로168가길 4,(지번) 신림동 1614-1
워시엔조이 서울대입구점,서울 관악구 행운1길 40,(지번) 봉천동 1671-35
화이트빨래방 신림역점,서울 관악구 신림로58길 8-7,(지번) 신림동 84-23
파란런드리하우스,서울 관악구 서림길 97,(지번) 신림동 103-107
24시셀프빨래방,서울 관악구 신림로11길 71,(지번) 신림동 251-52
크린토피아 코인워시 이수극동점,서울 동작구 동작대로29길 119 극동아파트 106동 17번18번,(지번) 사당동 105
늘푸른 셀프드라이크리닝 신림동점,서울 관악구 난곡로26길 90,(지번) 신림동 646-194
크린토피아 코인워시 서울숲힐스테이트점,서울 성동구 뚝섬로5길 11 1층,(지번) 성수동1가 33-5
크린토피아 코인워시 광진자양시장점,서울 광진구 자양로13길 73-1 안모빌딩 1층,(지번) 자양동 634
워시엔조이 화양점,서울 광진구 능동로17길 55,(지번) 화양동 132-64
클린클린24시 셀프빨래방 건대점,서울 광진구 군자로3길 11,(지번) 화양동 12-58
코인워시24빨래터 KCLA광진점,서울 광진구 능동로7길 50,(지번) 자양동 851-19
클린클린24시셀프빨래방 화양점,서울 광진구 동일로24길 29,(지번) 화양동 36-59
코인워시 24 건대점,서울 광진구 능동로13길 81-1,(지번) 화양동 33-21
햇빛촌24시 셀프빨래터 중곡2호점,서울 광진구 천호대로125길 10,(지번) 중곡동 116-1
화이트365 자양점,서울 광진구 뚝섬로54길 10,(지번) 자양동 636-21
아쿠아워시 구의점,서울 광진구 아차산로 431 강변SK뷰 주상복합 3동 B104호,(지번) 구의동 667
화이트365 구의점,서울 광진구 아차산로53길 51-10,(지번) 구의동 257-40
코인워시 24 세종대점,서울 광진구 면목로 9,(지번) 군자동 48-34
더화이트셀프빨래방 성수동본점,서울 성동구 성수일로11길 15 102호,(지번) 성수동1가 13-117
워시라움 아차산점,서울 광진구 자양로 301,(지번) 구의동 30-28
셀피아 서울성수동점,서울 성동구 성덕정17길 3,(지번) 성수동2가 565-20
셀피아 아차산점,서울 광진구 자양로50길 44,(지번) 구의동 33-9
셀피아 자양동점,서울 광진구 자양로 113,(지번) 자양동 779-11
화이트365 건대입구역점,서울 광진구 동일로24길 56,(지번) 화양동 46-3
코인워시24 능동어린이대공원점,서울 광진구 천호대로112길 29,(지번) 능동 234-36
24시셀프빨래방 자양점,서울 광진구 뚝섬로55길 17,(지번) 자양1동 654-17
워시프레쉬셀프빨래방 군자세종대점,서울 광진구 군자로 76,(지번) 군자동 363-14
워시엔조이 구의점,서울 광진구 구의로 37,(지번) 구의동 222-39
유니셀프 화양점,서울 광진구 동일로24길 6 선우빌 102호,(지번) 화양동 42-31
워시엔조이 자양점,서울 광진구 자양로3길 70,(지번) 자양동 665-19
크린업24 화양점,서울 광진구 아차산로23길 67 1층,(지번) 화양동 37-40
버블맨24셀프빨래방 자양점,서울 광진구 자양로13길 27,(지번) 자양동 630-16
워시엔조이 군자점,서울 광진구 동일로52길 21,(지번) 군자동 117-13
런드리익스프레스 구의점,서울 광진구 아차산로49길 36 1층,(지번) 구의동 252-125
워시팡팡 자양광진점,서울 광진구 아차산로42길 58,(지번) 자양동 229-13
워시스토리셀프빨래방 광진구광장점,서울 광진구 광장로 65,(지번) 광장동 288-1
워시엔조이 송정점,서울 성동구 광나루로11길 10,(지번) 송정동 66-112
우리셀프빨래방,서울 성동구 성수이로 69,(지번) 성수동2가 320-4
우리셀프빨래방협동조합,서울 성동구 성수이로 69 삼화빌딩 2층,(지번) 성수동2가 320-4
워시피플셀프빨래방광진구화양동점,서울 광진구 동일로 178,(지번) 화양동 21-20
셀프 코인 빨래방,서울 영등포구 도영로 45-1,(지번) 도림동 206-4
크린토피아 코인워시 구로5동점,"서울 구로구 가마산로27길 24 순영웰라이빌1차 1층 113,114호",(지번) 구로동 106-10
24시 셀프빨래방,서울 금천구 독산로108길 63,(지번) 독산동 900-16
워시피플 신길광장공원점,서울 영등포구 도림로69길 6-1 엘리시안 1층,(지번) 신길동 420-133
워시테리아셀프빨래방 구로점,서울 구로구 공원로7길 29,(지번) 구로동 111
워시엔조이 신대방역점,서울 관악구 남부순환로151길 54,(지번) 신림동 511-30
워시엔조이 구로디지털단지점,서울 영등포구 시흥대로 595 H하우스대림 뉴스테이트 상가 102호,(지번) 대림동 994-1
코인워시24빨래터 구로점,서울 구로구 구로동로18길 34,(지번) 구로4동 745-3
24시셀프빨래방파란난곡사거리점,서울 관악구 난곡로57길 36,(지번) 신림동 1490-4
크린업24셀프빨래방 철산점,경기 광명시 시청로 39,(지번) 철산동 210-3
스피드워시24,서울 관악구 조원로 97-1,(지번) 신림동 520-24
워시큐 신대방역점,서울 관악구 신사로20길 50,(지번) 신림동 495-9
워시프렌즈셀프빨래방 서울구로4동점,서울 구로구 구로동로28길 55,(지번) 구로동 429-116
화이트365 신도림점,서울 구로구 공원로8길 25 1층,(지번) 구로동 40-11
크린토피아 코인워시 GS신길주유소점,서울 영등포구 신길로 74,(지번) 신길동 3632-2
런드리업셀프세탁방,서울 구로구 경인로47길 126-5,(지번) 고척동 43
백의민족 셀프빨래방 신정점,서울 양천구 목동남로2길 25 1층 2호,(지번) 신정동 202-32
선데이런드리,서울 영등포구 가마산로 504-1,(지번) 신길동 236-11
구일셀프빨래방,서울 구로구 구일로10길 27,(지번) 구로1동 650-4
코인워시24 빨래터 구로디지털점,서울 구로구 시흥대로 525,(지번) 구로동 1131-8
더런드리 신도림점,서울 구로구 신도림로 20,(지번) 신도림동 398-2
파란빨래방 난곡사거리점,서울 관악구 난곡로57길 36 1층,(지번) 신림동 1490-4
크린업24셀프빨래방,서울 구로구 개봉로12길 35-4,(지번) 개봉동 277-9
화이트365 신대방역점,서울 관악구 조원로 143,(지번) 신림동 480-2
워시테리아 남구로점,서울 구로구 디지털로27길 86 1층,(지번) 구로동 797-47
워시프렌즈 서울구로구청점,서울 구로구 구로중앙로18길 40 102호,(지번) 구로동 95-10
워시프레쉬셀프빨래방 신도림포스빌,서울 구로구 새말로 102,(지번) 구로동 26
크린업24 구로점,서울 구로구 디지털로27라길 39-2,(지번) 구로동 792-26
JJ런드로맷카페,서울 관악구 조원로2가길 25 1층,(지번) 신림동 1654-25
워시팡팡 셀프 빨래방 신대방역점,서울 관악구 조원로18길 13,(지번) 신림동 532-19
버블맨24 신대방점,서울 동작구 신대방3길 28 1층,(지번) 신대방동 691-3
워시팡팡 구로점,서울 구로구 가마산로 265 한솔로이젠트 104호,(지번) 구로동 103-11
워시테리아 대림점,서울 영등포구 대림로8길 8,(지번) 대림동 975-39
워시맨 도림초점,서울 영등포구 가마산로65길 19-2 1층,(지번) 신길동 299-7
24시 셀프빨래터,경기 광명시 광복로 44,(지번) 철산동 56-24
24시셀프빨래방,서울 관악구 조원중앙로1길 49,(지번) 신림동 1667
워시클리어셀프빨래방,서울 동작구 신대방1가길 57,(지번) 신대방동 686-11
월드크리닝 코인월드 독산점,서울 금천구 가산로3길 65,(지번) 독산동 302-21
크린토피아 코인워시 금천롯데캐슬점,서울 금천구 시흥대로 315 지하1층,(지번) 독산동 1156
워시엔조이 독산점,서울 금천구 독산동 148-12,
워시프렌즈셀프빨래방 광명하안동점,경기 광명시 금당로 36,(지번) 하안동 260-2
현대셀프크리닝,서울 금천구 독산로 89,(지번) 시흥동 842-10
셀피아 금천가산동점,서울 금천구 가산로5길 66,(지번) 가산동 236-10
클린업24셀프빨래방 광명하안점,경기 광명시 하안로 233 109호,(지번) 하안동 260-4
더런드리 셀프빨래방 광명소하점,경기 광명시 소하로92번길 11 1층,(지번) 소하동 1343-2
행복셀프빨래방,서울 금천구 독산로 96 1층,(지번) 시흥동 819-2
워시피플셀프빨래방 광명소하점,경기 광명시 소하로 10 휴먼시아 아파트 상가 103호,(지번) 소하동 1284
행복셀프빨래집,서울 금천구 독산로 96,(지번) 시흥동 819-2
워시프렌즈 셀프빨래방 서울독산동점,서울 금천구 금하로1마길 15-3 101호 1층,(지번) 독산동 1115
크린토피아 코인워시 난향점,서울 관악구 난곡로 42 파크프라자 103호,(지번) 신림동 1735-9
힐링워시,서울 금천구 탑골로 17,(지번) 시흥동 220-73
크리닝업 독산동점,서울 금천구 범안로 1136 중앙하이츠아파트 상가동 104호,(지번) 독산동 1140
워시팡팡 시흥3동점,서울 금천구 시흥대로 92 104호,(지번) 시흥동 954-2
워시프렌즈 서울삼성동점,서울 관악구 광신길 86 106호,(지번) 신림동 1713
셀피아 관악난곡점,서울 관악구 난곡로 118 1층,(지번) 신림동 661-51
덱스타워시24 소하점,경기 광명시 신촌로 3 1층,(지번) 소하동 1323-3
코인워시24셀프빨래방 소하점,경기 광명시 신촌로 3,(지번) 소하동 1323-3
워시피플 관악난곡점,서울 관악구 난곡로35가길 5 뉴스토리하우스 1층 1호,(지번) 신림동 706-44
크린업24 광명하안점,경기 광명시 하안로 233,(지번) 하안동 260-4
워시피플셀프빨래방 노원중계동점,서울 노원구 덕릉로 623-10 1층,(지번) 중계동 236-3
크린토피아 코인워시 쌍문2동점,서울 도봉구 방학로3길 123,(지번) 쌍문동 569
크린업24셀프빨래방 상계점,서울 노원구 상계로12길 42,(지번) 상계동 178-19
크린업24 노원중계점,서울 노원구 동일로207길 23,(지번) 중계동 503
더런드리 셀프빨래방 중계점,서울 노원구 중계로14길 41,(지번) 중계동 93-18
크린토피아 코인워시 상계7단지점,서울 노원구 상계로1길 62-40 1층,(지번) 상계동 581-51
클린업24셀프빨래방 창동점,서울 도봉구 도봉로134길 28,(지번) 창동 731-66
워시엔조이 셀프빨래방 노원상계점,서울 노원구 노원로28길 67,(지번) 상계동 184-20
워시스토리 서울노원점,서울 노원구 노원로26길 69 1층,(지번) 상계동 194-22
크린토피아 코인워시 방학1동점,서울 도봉구 방학로2길 82 1층,(지번) 방학동 703
크린업24 셀프빨래방 상계점,서울 노원구 한글비석로24길 77,(지번) 상계동 140-226
크린토피아 코인워시 방학초교점,서울 도봉구 도당로9길 46,(지번) 방학동 304-30
워시프렌즈 셀프빨래방 도봉구 방학동점,서울 도봉구 도봉로152길 16 현대렉시온상가 1층 111호,(지번) 방학동 719-2
코인워시24빨래터 상계점,서울 노원구 상계로9가길 31,(지번) 상계동 389-420
크린업셀프빨래방 노원점,서울 노원구 상계동 581-88,
크린토피아 코인워시 방학점,서울 도봉구 도당로 36 재인상가 101호,(지번) 방학동 263-75
크린토피아 코인워시 방학동도깨비시장점,서울 도봉구 도당로15길 27 1층,(지번) 방학동 634-34
버블맨24 상계1호점,서울 노원구 한글비석로46길 40 1층,(지번) 상계동 135-80
셀프크리닝,서울 도봉구 도봉로133길 42,(지번) 쌍문동 21-15
셀프크리닝,서울 노원구 동일로228길 35,(지번) 상계동 630
화이트365 상계점,서울 노원구 상계로12길 18 1층,(지번) 상계동 177-79
코인워시24빨래터 방학점,서울 도봉구 도당로13길 35,(지번) 방학동 632-49
워시프렌즈 노원상계10동점,서울 노원구 노원로 522,(지번) 상계동 673
월드크린셀프크리닝 상계점,서울 노원구 상계로1길 74,(지번) 상계동 581-6
코인24시빨래방 당고개역점,서울 노원구 상계로 299-2,(지번) 상계동 111-118
워시프렌즈 서울상계2동점,서울 노원구 상계로12길 35-9 1층,(지번) 상계동 177-53
24시 셀프빨래방,서울 도봉구 도봉로145길 93 1층,(지번) 방학동 696-24
워시엔조이 도봉방학점,서울 도봉구 도봉로145길 55 1층,(지번) 방학동 687
크린토피아 코인워시 노원상계푸르지오점,서울 노원구 수락산로 17-1,(지번) 상계동 140-147
화이트365 방학1동점,서울 도봉구 도봉로145길 93,(지번) 방학동 696-24
코인세탁,서울 도봉구 마들로 732,(지번) 도봉동 631-21
크린토피아 코인워시 수락파르코점,서울 노원구 동일로 1700 토마토파르코 205호,(지번) 상계동 1267
화이트365 도봉점,서울 도봉구 도봉로180길 28 도봉투웨니퍼스트2단지 203동 104호,(지번) 도봉동 62-43
워시엔조이 상계수락점,서울 노원구 동일로237길 59 1층,(지번) 상계동 1054-5
위니아24크린샵 상계점,서울 노원구 동일로239길 40 1층,(지번) 상계동 1102-28
셀프드라이크리닝,서울 노원구 동일로231길 62,(지번) 상계동 1068
코인워시24빨래터 창신점,서울 종로구 창신길 47,(지번) 창신동 647-16
크린토피아 코인워시 왕십리역점,서울 성동구 마조로9길 6-6,(지번) 행당동 1-95
크린토피아 코인워시 신당6동점,서울 중구 다산로42나길 46,(지번) 신당동 846
워시엔조이셀프빨래방 용두점,서울 동대문구 무학로34길 50 1층,(지번) 용두동 102-2
크린토피아 코인워시 장안시장점,서울 동대문구 답십리로64길 103 102호,(지번) 장안동 183-16
코인워시24빨래방 고려대점,서울 동대문구 안암로 108,(지번) 제기동 146-47
셀프빨래방24시 한성대점,서울 성북구 삼선교로10다길 6,(지번) 삼선동1가 261
크린토피아 코인워시 왕십리홍익점,서울 성동구 왕십리로20길 41 1층 크린토피아,(지번) 홍익동 122-4
셀프빨래방,서울 종로구 숭인동길 54,(지번) 숭인동 410
크린토피아 코인워시 성신여대점,서울 성북구 보문로30나길 2 1층,(지번) 동선동2가 185
스피드24클리닝,서울 종로구 종로 347 롯데캐슬천지인 지하1층,(지번) 숭인동 76
크린토피아 코인워시 답십리점,서울 동대문구 답십리로 130 래미안위브 아파트 102동,(지번) 답십리동 1003
AMPM워시큐 청계블루,서울 중구 난계로23길 27,(지번) 황학동 1719
펭귄하우스 크리닝센터 성동점,서울 성동구 무학봉28길 24 1층,(지번) 행당동 286-23
워시프렌즈 셀프빨래방 성신여대점,서울 성북구 고려대로5길 83,(지번) 삼선동5가 397
코인워시24 한양대점,서울 성동구 마조로9길 11 1층,(지번) 행당동 1-64
아쿠아워시셀프빨래방 서울전농동점,서울 동대문구 서울시립대로 129-4 1층,(지번) 전농동 127-50
크린토피아 코인워시 왕십리텐즈힐점,서울 성동구 무학로 33 텐즈힐 117동 B108호,(지번) 하왕십리동 1066
화이트365 신당점,서울 중구 퇴계로86길 100 1층,(지번) 신당동 48-14
화이트365 안암점,서울 성북구 고려대로26길 1 1층,(지번) 안암동5가 103-233
코런셀프빨래방 한성대점,서울 성북구 보문로35길 33 1층,(지번) 삼선동4가 56
워시하우스 왕십리점,서울 성동구 왕십리로 410 센트라스상가 I동 140호,(지번) 상왕십리동 816
크린토피아 코인워시 왕십리센트라스점,서울 성동구 왕십리로 410 센트라스 상가 J동 141호,(지번) 상왕십리동 816-1
셀프빨래방 워시엔조이 장안동점,서울 동대문구 장한로18길 59 1층,(지번) 장안동 339-27
펭귄하우스 크리닝센터 (숭인동점),서울 종로구 난계로29길 14,(지번) 숭인동 1375
위니아24크린샵 서울장안점,서울 동대문구 사가정로27길 26-15,(지번) 장안동 94-69
워시프렌즈 셀프빨래방 청량리점,서울 동대문구 제기로38길 10,(지번) 청량리동 36-16
우리셀프빨래방협동조합 장안동점,서울 동대문구 한천로6길 36,(지번) 장안동 409-8
위워시 왕십리점,서울 성동구 왕십리로24길 21-1,(지번) 도선동 185-25
크린토피아 코인워시365 동대문전농배봉초교점,서울 동대문구 한천로39길 27,(지번) 전농동 4-3
크린앤화이트24시코인셀프빨래방,서울 동대문구 한천로40길 11,(지번) 장안동 109-10
워시팡팡 휘경점,서울 동대문구 망우로8길 11,(지번) 휘경동 312-27
우리셀프빨래방협동조합 장안점,서울 동대문구 장한로21길 11-12,(지번) 장안동 382-6
화이트365 신당역점,서울 중구 다산로46길 17,(지번) 흥인동 13-1
셀프빨래방24시 용답점,서울 성동구 용답중앙13길 5,(지번) 용답동 82-6
워시프렌즈셀프빨래방 동대문장한평점,서울 동대문구 한천로24길 70 1층 108호,(지번) 장안동 381-1
크린업24 한성대점,서울 성북구 삼선동3가 116 1층,
셀피아 동대문고대점,서울 동대문구 안암로 116-1,(지번) 제기동 67-209
크린업24 제기동점,서울 동대문구 왕산로23길 89 이수브라운스톤아파트 상가,(지번) 제기동 252
AMPM워시큐 답십리점,서울 성동구 용답중앙11길 18,(지번) 용답동 75-8
워시타임 서울장안동점,서울 동대문구 답십리로64길 84 1층,(지번) 장안동 165-11
코인워시24 성신여대점,서울 성북구 보문로30가길 17,(지번) 동선동2가 195
크린업24셀프빨래방 장안동점,서울 동대문구 장한로21길 9,(지번) 장안동 373-8
런드리24 제기점,서울 동대문구 고산자로 507,(지번) 제기동 721
워시프렌즈 셀프빨래방 신당상왕십리점,서울 중구 신당동 855 상가 2층 6호,
미스터셀프크리닝 삼선교점,서울 성북구 삼선교로10길 64,(지번) 삼선동2가 278-2
스토리셀프빨래방,서울 성북구 고려대로2길 37 1층 112호,(지번) 보문동4가 116
위니아24크린샵 숭인점,서울 종로구 종로56길 16,(지번) 숭인동 296
화이트365 제기동역점,서울 동대문구 왕산로16가길 36,(지번) 용두동 105-1
화이트365 경희대점,서울 동대문구 회기로 134,(지번) 회기동 105-35
워시맨 보문점,서울 성북구 지봉로24길 14-1,(지번) 보문동2가 220
워시팡팡 셀프빨래방24시 안암점,서울 성북구 고려대로8길 23 1층,(지번) 안암동3가 1
AMPM워시큐 셀프빨래방 용두동점,서울 동대문구 무학로26길 16,(지번) 용두동 779
크린토피아 코인워시 동작우체국점,서울 동작구 여의대방로22바길 2,(지번) 신대방동 364-75
24시셀프빨래방,서울 영등포구 여의대방로55길 25,(지번) 신길동 450-16
워시프렌즈 셀프빨래방 신길삼거리점,서울 영등포구 도신로 256 2층,(지번) 신길동 100-24
셀피아 영등포신길동점,서울 영등포구 영등포로86가길 24,(지번) 신길동 95-168
24시셀프빨래방플러스 노량진점,서울 동작구 노량진로 140 메가스터디타워 지하 1층,(지번) 노량진동 57-1
삼성24시셀프빨래방 2호점,서울 동작구 상도로34길 25,(지번) 상도동 157
코인워시 24빨래터 신대방점,서울 동작구 국사봉길 26,(지번) 신대방동 338-19
크린토피아 코인워시365 상도스위트점,서울 동작구 상도로15길 23,(지번) 상도동 351-5
크린업24셀프빨래방,서울 동작구 성대로5길 2,(지번) 상도동 250-16
24시빨래터 장승배기점,서울 동작구 상도로15길 131 휴엔하임 109호,(지번) 상도동 363-164
워시엔조이셀프빨래방 상도역점,서울 동작구 상도로41길 38 영화맨션 101호,(지번) 상도1동 434-2
워시엔조이 셀프빨래방 상도점,서울 동작구 국사봉1길 137,(지번) 상도동 289-23
화이트365 신대방삼거리역점,서울 동작구 국사봉길 74,(지번) 상도동 299-58
펭귄하우스 래미안용산점,서울 용산구 한강대로 95 래미안 용산 단지 내 상가 B233호,(지번) 한강로2가 408
AMPM워시큐 노량진점,서울 동작구 만양로14길 28 2층,(지번) 노량진동 207-5
셀빨래방 신길점,서울 영등포구 영등포로79길 6,(지번) 신길동 65-91
크린토피아 코인워시365 이촌2동점,서울 용산구 이촌로18길 21 101동 1302호,(지번) 이촌동 203-52
워시타임 당산점,서울 영등포구 버드나루로15길 2 1층,(지번) 당산동 121-132
화이트 빨래방,서울 동작구 대방동길 15,(지번) 대방동 391-15
펭귄하우스 용산트럼프월드점,서울 용산구 한강대로 26 한강대우트럼프월드 3차 2층 201호,(지번) 한강로3가 65-230
24시셀프빨래방플러스 상도점,서울 동작구 장승배기로4길 9 상도더샵1차아파트 정문상가 1층,(지번) 상도동 521
더런드리 노량진점,서울 동작구 만양로8길 50 우성아파트 상가,(지번) 노량진동 323
셀피아 상도동점,서울 동작구 상도로41길 16,(지번) 상도1동 401-1
AMPM워시큐 본동점,서울 동작구 노량진로26길 32-3,(지번) 본동 50-49
펭귄하우스 상도2호점,서울 동작구 상도로45길 57,(지번) 상도1동 333-2
펭귄하우스 상도휴엔하임점,서울 동작구 상도로15길 131 상도 휴엔하임 109호,(지번) 상도동 363-164
퍼펙트런드리,서울 동작구 양녕로25라길 19 101호,(지번) 상도동 210-163
워시엔조이 빨래방 신상도점,서울 동작구 양녕로25길 9,(지번) 상도동 210-203
에코클린 24 셀프빨래방,서울 동작구 만양로14길 60,(지번) 노량진동 202-1
펭귄하우스 상도1호점,서울 동작구 양녕로22가길 67,(지번) 상도동 214-291
24시셀프빨래방플러스 흑석점,서울 동작구 서달로 150 해가든아파트상가 1층,(지번) 흑석동 332
크린라이프 대방점,서울 동작구 대방동1길 1,(지번) 대방동 394-5
워시피플 대방역점,서울 동작구 여의대방로54길 29 1층,(지번) 대방동 339-8
24시셀프빨래방 흑석점,서울 동작구 서달로 150 해가든아파트 1층,(지번) 흑석동 332
워시피플셀프빨래방 흑석중앙대점,서울 동작구 현충로 52,(지번) 흑석동 158
삼성24시셀프빨래방 장승배기점,서울 동작구 상도로15길 103,(지번) 상도동 360-6
위니아24크린샵 상도점,서울 동작구 국사봉1길 104 1층,(지번) 상도동 298-26
코인워시24빨래터 연희점,서울 서대문구 연희로4길 9,(지번) 연희동 353-76
코인셀프빨래방 홍대점,서울 마포구 와우산로29길 63,(지번) 서교동 332-3
워시엔조이 셀프빨래방 마포연남점,서울 마포구 연남로5길 43,(지번) 연남동 562-23
호스텔클레오 코인런드리,서울 마포구 연희로 27 호스텔 클레오 지하 1층,(지번) 동교동 113-96
크린토피아 코인워시 마포구청역점,서울 마포구 성미산로1길 66 1층,(지번) 성산동 261-28
크린토피아 코인워시 상암DMC점,서울 마포구 월드컵북로 350 상가 103호,(지번) 상암동 41-16
크린토피아 코인워시 남가좌현대점,서울 서대문구 가재울로 69,(지번) 남가좌동 190-60
코인워시 24빨래터 명지대점,서울 서대문구 명지대길 28,(지번) 홍은동 421-15
화이트365 홍대입구점,서울 마포구 월드컵북로2길 37,(지번) 동교동 158-6
24시셀프빨래방,서울 마포구 신촌로4길 8,(지번) 동교동 175-1
빨래살롱,서울 마포구 월드컵로8길 37-7 1층,(지번) 서교동 483-25
코인워시24 홍대입구역점,서울 마포구 연남로5길 36,(지번) 연남동 504-23
셀피아 서대문연세대점,서울 서대문구 연희로10길 26,(지번) 연희동 293-1
크린토피아 코인워시 마포서교점,서울 마포구 월드컵로14길 61 천일빌딩 1층,(지번) 서교동 469-28
24시간빨래하는날,서울 마포구 성미산로19길 31,(지번) 연남동 482-2
펭귄하우스 상암미르웰점,서울 마포구 모래내로3길 11 상암미르웰한올림 204호,(지번) 성산동 593-5
크린토피아 코인워시365 남가좌래미안1차점,서울 서대문구 증가로 201 1층,(지번) 북가좌동 286-18
크린토피아 코인워시 성산시장점,서울 마포구 월드컵로25길 26 영화블렌하임 1층,(지번) 망원동 517
화이트365 합정점,서울 마포구 월드컵로7길 103,(지번) 합정동 440-19
크린토피아 코인워시 남가좌파크뷰자이점,서울 서대문구 가재울미래로 2 202동상가 105호,(지번) 남가좌동 384
펭귄하우스 상암DMC점,서울 마포구 월드컵북로54길 25 상암DMC푸르지오시티 지하1층 B123호,(지번) 상암동 1596
더런드리 DMC점,서울 서대문구 모래내로 151 디엠씨엘가 103호,(지번) 남가좌동 387
워시엔조이 마포합정점,서울 마포구 동교로 55 1층,(지번) 망원동 384-45
더런드리 연남점,서울 마포구 성미산로19길 60 1층,(지번) 연남동 478-18
워시엔조이 마포성산점,서울 마포구 성암로7길 22 102호,(지번) 중동 39-9
버블맨24마포서교점,서울 마포구 월드컵북로9길 18,(지번) 성산동 234-22
워시피플 마포구홍대점,서울 마포구 와우산로26길 9-19,(지번) 창전동 6-148
AMPM워시큐 망원2동점,서울 마포구 월드컵로25길 105,(지번) 망원동 421-1
셀피아 서대문명지대점,서울 서대문구 명지대길 68-2,(지번) 남가좌동 8-15
화이트365 망원점,서울 마포구 방울내로 67,(지번) 망원동 435-1
워시엔조이 마포망원점,서울 마포구 망원로7길 19-24,(지번) 망원동 424-9
크린토피아 코인워시 마포보건소점,서울 마포구 월드컵로36길 18 삼라마이다스 1층,(지번) 성산동 590-2
코인워시24 북가좌점,서울 서대문구 거북골로 176,(지번) 북가좌동 304-28
크린토피아 코인워시365 경성고교점,서울 마포구 성미산로11길 32 1층,(지번) 성산동 210-1
워시큐 망원점,서울 마포구 희우정로10길 2,(지번) 망원동 394-65
워시엔조이 셀프빨래방 마포성산점,서울 마포구 성암로7길 22 백명트랜디아파트 102호,(지번) 중동 39-9
크린토피아 코인워시365 마포건영월드컵점,서울 마포구 성암로1길 12,(지번) 성산동 600
크린토피아 코인워시365 상암점,서울 마포구 월드컵로42길 40 상암근린상가 129호,(지번) 상암동 1680
크린업24 성산점,서울 마포구 성미산로11길 81,(지번) 성산동 21-28
워시스토리셀프빨래방연희연세대점,서울 서대문구 성산로 381,(지번) 연희동 344-26
런드리즈,서울 서대문구 명지대길 29 1층,(지번) 남가좌동 322-21
코인워시24빨래터 서대문역점,서울 서대문구 경기대로 80,(지번) 충정로2가 37-15
코인워시24 응암점,서울 은평구 응암로25길 5,(지번) 응암3동 124-6
워시엔조이셀프빨래방 은평응암점,서울 은평구 응암로14길 19-1,(지번) 응암동 335-26
아쿠아워시셀프빨래방 홍제점,서울 서대문구 세무서9길 15 1층,(지번) 홍제동 266-66
크린토피아 코인워시 독립문현대점,서울 종로구 통일로 246-10 무악현대프라자 1층 106호,(지번) 무악동 82
24시셀프빨래방,서울 은평구 증산서길 88,(지번) 증산동 186-13
셀빨래방 독립문점,서울 서대문구 독립문로 42 1층,(지번) 천연동 41
코인워시24빨래터 북아현점,서울 서대문구 북아현로 82-1,(지번) 북아현동 1-254
크린토피아 코인워시365 롯데수퍼홍제점,서울 서대문구 통일로 397,(지번) 홍제동 469
크린업24 북가좌점,서울 서대문구 응암로 143-12,(지번) 북가좌동 335-19
24시셀프빨래터 응암3호점,서울 은평구 응암로12길 26-1,(지번) 응암동 751-25
신사워시24시셀프빨래방,서울 은평구 증산로15길 13,(지번) 증산동 157-26
이지워시 교남점,서울 종로구 송월길 155 경희궁자이4단지 상가 1층 31호,(지번) 교북동 12-19
워시피플,서울 은평구 가좌로7가길 2 1층,(지번) 응암동 731-1
셀프빨래방,서울 은평구 가좌로7가길 2,(지번) 응암동 731-1
마마운동화이불빨래방 응암점,서울 은평구 응암로22길 15,(지번) 응암동 427-64
워시피플셀프빨래방은평구응암동점,서울 은평구 가좌로7가길 22,(지번) 응암동 731-30
크린토피아 코인워시 역삼언주로점,서울 강남구 언주로71길 17 금강빌딩 101호,(지번) 역삼동 774-35
크린토피아 코인워시 서울교대점,서울 서초구 서초대로60길 34 문화빌딩 1층,(지번) 서초동 1668-11
워시엔조이 셀프빨래방 서초효성점,서울 서초구 강남대로51길 10 105호,(지번) 서초동 1337-6
크린토피아 코인워시 서초서울고점,서울 서초구 반포대로21길 27 화원그랑빌아파트 1층 102호,(지번) 서초동 1510-15
크린토피아 코인워시 역삼역점,서울 강남구 역삼로19길 14 노블스위트 104호,(지번) 역삼동 747
크린토피아 코인워시 양재2동점,서울 서초구 동산로6길 41-3 고암빌딩 1층,(지번) 양재동 368-11
화이트365 개포점,서울 강남구 개포로 235 한영빌딩 1층 103호,(지번) 개포동 1259
크린업24 강남역삼점,서울 강남구 강남대로84길 15 효성해링턴타워,(지번) 역삼동 825-24
화이트365 양재점,서울 서초구 강남대로6길 88 1층,(지번) 양재동 361
코인워시24셀프빨래터 강남대치점,서울 강남구 선릉로64길 15-12,(지번) 대치동 923-9
워시테리아 역삼점,서울 강남구 역삼로 152 1층,(지번) 역삼동 789-6
워시엔조이 역삼2호점,서울 강남구 역삼로11길 13-4,(지번) 역삼동 750-26
워시엔조이 셀프빨래방 서초교대점,서울 서초구 서초중앙로8길 21 101호,(지번) 서초동 1622-18
셀피아 강남양재점,서울 강남구 강남대로48길 15,(지번) 도곡동 948-5
워시엔조이 양재매헌역점,서울 서초구 강남대로18길 16-8 1층,(지번) 양재동 314-2
워시엔조이 양재역점,서울 서초구 강남대로30길 40 1층,(지번) 양재동 17-42
크린토피아 코인워시 서초GS자이점,서울 서초구 서초중앙로2길 84,(지번) 서초동 1442-1
화이트365 역삼점,서울 강남구 언주로71길 33 1층,(지번) 역삼동 774
크린토피아 코인워시 서초상문고점,서울 서초구 명달로 32 유니빌 102호,(지번) 서초동 1487-132
워시피플셀프빨래방 서초남부터미널점,서울 서초구 반포대로12길 37 리슈빌오피스텔 106호,(지번) 서초동 1589-10
워시엔조이 역삼1호점,서울 강남구 논현로63길 47,(지번) 역삼동 799-3
어반오아시스,서울 강남구 개포로17길 13 1층,(지번) 개포동 1244-7
더런드리 양재점,서울 서초구 논현로31길 68 1층,(지번) 양재동 16-33
크린토피아 코인워시 방배3동점,서울 서초구 효령로34길 62,(지번) 방배동 1020-9
워시프렌즈 뱅뱅사거리점,서울 강남구 도곡로4길 13,(지번) 도곡동 944-12
더런드리 강남개포점,서울 강남구 개포로22길 47 1층,(지번) 개포동 1201
더런드리 양재직영점,서울 서초구 동산로14길 9 1층,(지번) 양재동 391-16
어반런드렛 서초,서울 서초구 명달로 90 1층,(지번) 서초동 1516-4
워시엔조이 개포점,서울 강남구 논현로6길 13,(지번) 개포동 1189-10
워시엔조이셀프빨래방 서초역점,서울 서초구 반포대로24길 8,(지번) 서초동 1544-9
위니아24크린샵 역삼2호점,서울 강남구 언주로65길 30 1층,(지번) 역삼동 780-41
워시프렌즈 셀프빨래방 서초1동점,서울 서초구 사임당로 105,(지번) 서초동 1647-2
워시프렌즈 서초우면점,서울 서초구 바우뫼로2길 67 1층,(지번) 우면동 8-7
런드로맷카페,서울 서초구 남부순환로350길 69,(지번) 양재동 10-38
런드로맷,서울 서초구 남부순환로315길 34-5 1층,(지번) 서초동 1469-20
워시라움 역삼점,서울 강남구 도곡로21길 27 1층 101호,(지번) 역삼동 795-3
낭만빨래방 역삼역점,서울 강남구 테헤란로14길 34 1층,(지번) 역삼동 828-28
워시프렌즈 서울역삼점,서울 강남구 논현로65길 22,(지번) 역삼동 795-37
워시엔조이셀프빨래방강남도곡점,서울 강남구 논현로51길 13,(지번) 도곡동 876-15
크린토피아 코인워시 신당약수점,서울 중구 동호로8길 5,(지번) 신당동 373-8
금호셀프빨래방,서울 성동구 장터2길 19 1층,(지번) 금호동4가 1375
블루워시 성수점,서울 성동구 상원길 58,(지번) 성수동1가 13-103
코인워시24 셀프빨래방 성균관대점,서울 종로구 성균관로 40,(지번) 명륜1가 83-5
워시프렌즈 서울혜화점,서울 종로구 혜화로6길 9 1층,(지번) 혜화동 15-29
크린토피아 코인워시 돈암초교점,서울 성북구 동소문로13길 21 1층,(지번) 동소문동4가 222
크린업24 셀프빨래방,서울 성북구 장월로1길 74-12 거성빌 1층,(지번) 상월곡동 71-7
크린토피아 코인워시 길음래미안점,서울 성북구 길음로 20 길음뉴타운제상가동 115호,(지번) 길음동 1283-4
크린업24셀프빨래방,서울 성북구 아리랑로5길 39 샤인힐 103호,(지번) 동소문동7가 75-20
크린토피아 코인워시365 성북종암동점,서울 성북구 월곡로 58,(지번) 종암동 3-377
워시프렌즈 셀프빨래방 동소문동점,서울 성북구 동소문로13길 7,(지번) 동소문동4가 273
런드리나인 셀프빨래방 하월곡점,서울 성북구 오패산로 38 1층,(지번) 하월곡동 60-12
에코클린24셀프빨래방 정릉점,서울 성북구 정릉로27길 33 1층,(지번) 정릉동 165-13
종암24시셀프빨래방,서울 성북구 종암로19길 43,(지번) 종암동 53-5
워시타임 성신여대입구역점,서울 성북구 동소문로25길 44 101호,(지번) 동선동5가 99
셀피아 성북돈암점,서울 성북구 보문로34가길 47,(지번) 동선동3가 183
위니아24크린샵 종암점,서울 성북구 종암로5길 29 유제빌딩 1층,(지번) 종암동 34-6
크린업24 셀프빨래방 종암고대점,서울 성북구 종암로5길 36 선경아파트 상가 5호,(지번) 종암동 34-3
화이트365 동덕여대점,서울 성북구 장월로1길 68,(지번) 상월곡동 64-2
자작나무숲24시셀프빨래방,서울 성북구 정릉로10길 107 1층,(지번) 정릉동 921
덱스터 종암점,서울 성북구 북악산로29길 31,(지번) 종암동 33-33
BTAL셀프빨래방,서울 성북구 북악산로 744,(지번) 정릉동 556-52
워시엔조이빨래방 성북종암점,서울 성북구 종암로13길 4-13,(지번) 종암동 45-67
크린토피아 코인워시 송파방이2동점,서울 송파구 오금로17길 20,(지번) 방이동 106-2
코인워시24 석촌점,서울 송파구 가락로12길 5-29 1층,(지번) 석촌동 273-18
코인워시24빨래터 방이점,서울 송파구 백제고분로50길 42,(지번) 방이동 158-9
크린토피아 코인워시 송파방이시장점,서울 송파구 오금로19길 17 1층,(지번) 방이동 111-10
크린토피아 코인워시 잠실잠전초교점,서울 송파구 삼전로9길 21 화진빌딩 1층,(지번) 잠실동 238-18
크린토피아 코인워시 송파삼전호수점,"서울 송파구 백제고분로31길 31 104,105호",(지번) 삼전동 113-8
크린토피아 코인워시 송파오금공원점,서울 송파구 마천로 144,(지번) 오금동 72-6
크린토피아 코인워시 삼전배명점,서울 송파구 백제고분로32길 20 1층,(지번) 삼전동 165-18
크린토피아 코인워시 송파신천역점,서울 송파구 올림픽로12길 31,(지번) 잠실동 213-1
크린토피아 코인워시 잠실본동점,서울 송파구 백제고분로12길 7,(지번) 잠실동 312-18
워시엔조이 석촌점,서울 송파구 백제고분로34길 11,(지번) 석촌동 233-7
코인워시24빨래터 신천점,서울 송파구 올림픽로12길 39-1,(지번) 잠실동 213-9
워시엔조이 가락점,서울 송파구 양재대로66길 40 101호,(지번) 가락동 35-8
잠실24시셀프빨래방,서울 송파구 백제고분로27길 30,(지번) 삼전동 108-7
버블존 24시코인워시빨래방,서울 송파구 석촌호수로18길 18,(지번) 석촌동 56-16
크린토피아 코인워시 송파가락동점,서울 송파구 오금로36길 28-1 1층,(지번) 가락동 19-9
더런드리 송파잠실점,서울 송파구 백제고분로20길 13-8 삼우빌딩 1층 102호,(지번) 잠실동 339-2
크린토피아 코인워시 송파1동점,서울 송파구 백제고분로42길 15 1층,(지번) 송파동 112-14
위니아24시크린샵 방이점,서울 송파구 가락로36길 7,(지번) 방이동 134-6
크린토피아 코인워시 송파고분로점,서울 송파구 백제고분로34길 20,(지번) 석촌동 215-14
화이트365 석촌점,서울 송파구 백제고분로39길 29,(지번) 석촌동 163-1
코인워시24시빨래터 잠실점,서울 송파구 백제고분로21길 9,(지번) 삼전동 8-8
워시테리아 송파점,서울 송파구 송이로10길 8-1,(지번) 송파동 175-6
화이트365 잠실점,서울 송파구 석촌호수로12길 43,(지번) 잠실동 218
워시엔조이 잠실점,서울 송파구 백제고분로18길 35 1층 101호,(지번) 잠실동 327-13
동전빨래방,서울 송파구 백제고분로14길 4-3,(지번) 잠실동 318
셀빨래방 오금점,서울 송파구 동남로24길 7,(지번) 오금동 152-1
펭귄하우스 송파석촌점,서울 송파구 백제고분로37가길 6 써니빌 102호,(지번) 석촌동 172-4
화이트365 송파점,서울 송파구 백제고분로46길 37,(지번) 송파동 145-15
워시엔조이 송파방이점,서울 송파구 위례성대로12길 14 1층 101호,(지번) 방이동 164-8
더런드리셀프빨래방 석촌고분점,서울 송파구 백제고분로34길 34,(지번) 석촌동 219
크린토피아 코인워시 송파헬리오시티2호점,서울 송파구 송파대로 345 헬리오시티 2A동 B07호,(지번) 가락동 479
새마을빨래방,서울 송파구 석촌호수로12길 23-10 103호,(지번) 잠실동 213-23
진시스삼전진시스점런드리익스프레스샵,서울 송파구 백제고분로32길 21,(지번) 삼전동 176
코인워시24빨래터 영등포구청역점,서울 영등포구 양산로25길 9,(지번) 당산동3가 72-1
크린업24셀프빨래방 목동점,서울 양천구 신정중앙로21길 10,(지번) 신정동 888-8
24시셀프빨래방 화곡점,서울 강서구 곰달래로 235,(지번) 화곡동 839-4
크린토피아 코인워시 당산동4가점,서울 영등포구 당산로38길 5 해승빌딩 1층,(지번) 당산동4가 32-35
월드크리닝플러스월드코인365,서울 영등포구 선유로17길 24 1층,(지번) 문래동6가 29
크린업24 오목교역점,서울 양천구 신목로14길 9,(지번) 신정동 118-5
아인워시24시셀프빨래방,서울 강서구 곰달래로37길 7,(지번) 화곡동 860-11
워시앤디 셀프빨래방 까지산점,서울 강서구 곰달래로19길 6,(지번) 화곡동 426-5
코인워시24 까치산역점,서울 강서구 강서로17길 48 성운빌딩 1층,(지번) 화곡1동 353-60
크린토피아 코인워시 당산공원점,서울 영등포구 선유동1로 50 원일빌딩 102호,(지번) 당산동3가 558-3
워시엔조이 오목교역점,서울 양천구 오목로54길 14 1층,(지번) 목동 405-33
화이트365 영등포구청역점,서울 영등포구 영등포로25길 18,(지번) 당산동1가 185-26
워시테리아셀프빨래방 신정점,서울 양천구 중앙로36길 8 1층,(지번) 신정동 1050-5
24시셀프빨래방,서울 양천구 지양로 36,(지번) 신월동 991-3
덱스터24시셀프빨래방 신정점,서울 양천구 신정중앙로21길 26 1층,(지번) 신정동 889-7
워시프렌즈셀프빨래방 양평동점,서울 영등포구 영등포로3길 15 디에이원파크 1층 103호,(지번) 양평동2가 43-11
워시프렌즈셀프빨래방 신정역점,서울 양천구 중앙로 322 1층 101호,(지번) 신정동 942-16
워시엔조이 까치산역점,서울 강서구 강서로7길 65,(지번) 화곡동 915-1
워시프렌즈 셀프빨래방 신정점,서울 양천구 중앙로32길 67,(지번) 신정동 1021-7
플러스코인엘 까치산점,서울 강서구 강서로7길 89 1층,(지번) 화곡동 926-1
셀프빨래방 스피드워시24 신정점,서울 양천구 은행정로 58,(지번) 신정동 986-1
코인워시24셀프빨래방 목동고척점,서울 구로구 중앙로15길 110,(지번) 고척동 226-31
아쿠아워시셀프빨래방 신월신정점,서울 양천구 오목로4길 6 선우쉐르빌 102호,(지번) 신월동 520-9
크린업24 신월점,서울 양천구 곰달래로10길 23 1층,(지번) 신월동 233-19
워시엔조이 신정네거리점,서울 양천구 중앙로46길 7 1층,(지번) 신정동 969-18
코인워시24빨래터 개봉점,서울 구로구 경인로33길 110,(지번) 고척동 257-27
화이트365 신월동점,서울 양천구 남부순환로79길 41,(지번) 신월동 575-18
워시라움 목동역점,서울 양천구 오목로50길 17 휘버스아파트 상가 1층,(지번) 신정동 995-3
셀빨래방 당산점,서울 영등포구 영등포로25길 27 1층,(지번) 당산동1가 286-1
크린토피아 코인워시365 신정대림아크로빌점,서울 양천구 목동서로 397 대림아크로빌 B동 126호,(지번) 신정동 324-8
셀빨래방 신정점,서울 양천구 신목로5길 12-1 1층,(지번) 신정동 144-39
명동쎌프크리닝,서울 양천구 중앙로45길 29,(지번) 신정동 1198-12
워시프렌즈 셀프빨래방 강서화곡점,서울 강서구 곰달래로49길 17 1층,(지번) 화곡동 836-1
셀프빨래방 양평동점,서울 영등포구 선유서로 67,(지번) 양평동2가 1-1
크린토피아 코인워시 홈플러스목동점,서울 양천구 목동서로 170 2층 1호,(지번) 목동 919-7
더런드리 양천신정점,서울 양천구 신목로2길 7-10 1층,(지번) 신정동 129-14
크린토피아 코인워시 영등포양평역점,서울 영등포구 양산로7길 3 1층 106호,(지번) 양평동3가 17-1
크린토피아 코인워시 신월4점,서울 양천구 월정로 14,(지번) 신월동 513-5
더런드리 화곡점,서울 강서구 강서로12길 31,(지번) 화곡동 341-9
워시하우스 개봉점,서울 구로구 고척로19길 23 101호,(지번) 개봉동 35-8
화곡크리닝업 화곡점,서울 강서구 곰달래로 61,(지번) 화곡동 357-19
그린쎌프크리닝,서울 구로구 고척로 94-4,(지번) 개봉동 60-70
빨리셀프크리닝 신월7동점,서울 양천구 지양로 57,(지번) 신월동 988-1
워시엔조이 신월점,서울 양천구 신월로19길 6 1층 101호,(지번) 신월동 534-20
워시엔조이 구로개봉점,서울 구로구 고척로27길 83,(지번) 개봉동 109-17
셀프드라이크리닝 신월점,서울 양천구 지양로2길 29,(지번) 신월7동 991-7
크린토피아 코인워시 영등포아크로타워점,서울 영등포구 국회대로54길 10 상가 12동 1층 101호,(지번) 영등포동7가 204
크린토피아 코인워시 영등포청원점,서울 영등포구 영신로44길 8,(지번) 영등포동6가 131-2
크린토피아 코인워시 당산삼성점,서울 영등포구 버드나루로22길 5 강변한솔그라치아 1층 크린토피아 당산삼성점,(지번) 당산동 121-41
화이트365 선유도역점,서울 영등포구 양평로20길 3,(지번) 양평동4가 123
크린토피아 코인워시 영등포8가점,서울 영등포구 영신로 228-6 한양아이클래스오피스텔 105호,(지번) 영등포동8가 42-1
AMPM워시큐빨래방 당산점,서울 영등포구 당산로50길 31,(지번) 당산동6가 110-47
워시프렌즈 양평점,서울 영등포구 선유로 269 약산아파트상가 1층,(지번) 양평동4가 160-2
워시피플 영등포선유도점,서울 영등포구 양평로22라길 1 대우미래사랑 2차 104동 101호,(지번) 양평동5가 92
24시셀프빨래방플러스 한남점,서울 용산구 독서당로 39 신성미소시티아파트 상가 1층,(지번) 한남동 96-3
크린토피아 코인워시 만리한겨레점,서울 마포구 효창목길 23 101호,(지번) 공덕동 11-180
크린토피아 코인워시365 용문시장점,서울 용산구 원효로53길 41,(지번) 용문동 1-90
크린토피아 코인워시 용산해방촌점,서울 용산구 신흥로12길 5,(지번) 용산동2가 26-7
크린토피아 코인워시 용산이편한세상점,서울 용산구 원효로 210-5,(지번) 원효로2가 3-2
코인워시24빨래터 숙대점,서울 용산구 원효로89길 12,(지번) 원효로1가 38-4
화이트365 숙대입구역점,서울 용산구 청파로47길 37-26,(지번) 청파동3가 109-5
24시셀프빨래방 만리점,서울 마포구 효창원로 240-2,(지번) 공덕동 7-165
더화이트셀프빨래방 원효로점,서울 용산구 백범로 341,(지번) 문배동 40-31
워시피플 후암동108계단점,서울 용산구 신흥로36길 5-1,(지번) 후암동 415-45
워시엔조이 셀프빨래방 경리단길점,서울 용산구 회나무로26길 7,(지번) 이태원동 212-25
AMPM워시큐 셀프빨래방 이태원점,서울 용산구 회나무로13길 9,(지번) 이태원동 729
셀피아 은평녹번점,서울 은평구 녹번로 55,(지번) 녹번동 109-20
퀴클린24셀프빨래방,서울 은평구 은평로12길 7-10,(지번) 응암동 97-28
코인워시24 역촌점,서울 은평구 서오릉로7길 12-1,(지번) 역촌동 18-54
24시셀프빨래방,서울 은평구 통일로75길 6-15 행복공간 1층,(지번) 대조동 194-1
코인워시24 상명대점,서울 서대문구 세검정로 103,(지번) 홍제동 286-16
코인워시24빨래터 구산역점,서울 은평구 역말로9길 1,(지번) 대조동 171-60
코인워시24빨래방 연신내점,서울 은평구 연서로27길 33,(지번) 갈현동 502-2
크린업24셀프빨래방 응암역점,서울 은평구 은평로 88 백명트랜디 1층,(지번) 응암동 111-61
워시맨,서울 은평구 은평로10길 6-1,(지번) 응암동 103-31
워시스토리 구산점,서울 은평구 갈현로11길 14,(지번) 구산동 177-177
워시피플셀프빨래방 불광동점,서울 은평구 불광로 90 제상가동 1층 157호,(지번) 불광동 631-1
코인워시24빨래터 은평점,서울 은평구 연서로3길 20,(지번) 역촌동 66-34
워시프렌즈 서울갈현동점,서울 은평구 연서로17길 9 베로니스 1층 101호,(지번) 갈현동 468-5
코인워시24셀프빨래방 종로점,서울 종로구 진흥로 483,(지번) 신영동 247-1
크린업24 셀프빨래방 은평응암점,서울 은평구 연서로 31,(지번) 역촌동 83-17
위니아24크린샵은평신사점,서울 은평구 은평로3가길 33,(지번) 신사동 4-8
워시엔조이 은평신사점,서울 은평구 갈현로1길 6-3,(지번) 신사동 15-3
코런셀프빨래방 갈현점,서울 은평구 연서로23길 7-7 1층,(지번) 갈현동 462-8
클린맙,서울 은평구 역말로 73 1층,(지번) 역촌동 13-42
워시엔조이 은평역촌점,서울 은평구 연서로3가길 14,(지번) 역촌동 63-7
AMPM워시큐 신영점,서울 종로구 진흥로 477-3,(지번) 신영동 1-2
워시타임셀프빨래방 갈현점,서울 은평구 갈현로 181-7,(지번) 갈현동 508-2
셀프크리닝,서울 은평구 역말로4길 8,(지번) 역촌동 57-1
크린업24셀프빨래방 구산점,서울 은평구 갈현로15길 8,(지번) 구산동 27-41
더런드리 응암점,서울 은평구 응암로 294,(지번) 응암동 104-42
더런드리셀프빨래방 응암점,서울 은평구 응암로 294 1층,(지번) 응암동 104-42
라이프딜리버리,서울 은평구 역말로 75 1층,(지번) 역촌동 13-41
화이트365 은평역촌점,서울 은평구 진흥로1길 48,(지번) 역촌동 24-23
셀피아 불광점,서울 은평구 불광로 112,(지번) 불광동 11-14
뽀송뽀송 COIN WASH,서울 은평구 통일로 745-4,(지번) 대조동 4
이지워시셀프빨래방 홍은점,서울 서대문구 홍은중앙로3길 9,(지번) 홍은동 19
24시셀프빨래방,서울 중구 퇴계로4길 49 1층,(지번) 회현동1가 82-11
동국셀프빨래방,서울 중구 서애로1길 11,(지번) 충무로5가 90
코인워시24 광화문점,서울 종로구 사직로8길 15-2,(지번) 내자동 175
크린토피아 코인워시 북아현이편한세상신촌점,서울 서대문구 신촌로29길 26,(지번) 북아현동 220-2
원더런드리,서울 마포구 손기정로 8 1층,(지번) 아현동 709-1
펭귄하우스 아현점,서울 서대문구 북아현로1가길 20 e편한세상1단지 상가 B102호,(지번) 북아현동 222-35
코인워시24시빨래터 서부역점,서울 중구 만리동1가 231 LIG리가아파트 103동 1층 상가,
24시동전빨래방,서울 용산구 청파로85길 52,(지번) 서계동 238-5
24시셀프빨래방 중랑점,서울 중랑구 중랑천로10길 93,(지번) 상봉동 129-49
우리셀프빨래방 협동조합 망우점,서울 중랑구 봉우재로 207,(지번) 망우동 513-67
크린토피아 코인워시 태릉입구역점,서울 노원구 동일로178길 29-3,(지번) 공릉동 584-23
크린토피아 코인365 석계역점,서울 성북구 한천로80길 46,(지번) 석관동 130-22
24시셀프빨래방 묵동점,서울 중랑구 중랑역로 171 1층,(지번) 묵동 243-23
워쉬앤워쉬 셀프빨래방,서울 중랑구 중랑역로 80 1층,(지번) 중화동 304-41
워시엔조이 중랑신내점,서울 중랑구 신내로 225 디아뜨갤러리 1층 130호,(지번) 신내동 648
워시프렌즈 태릉입구엠코점,서울 노원구 동일로 986 노원프레미어스엠코 102동 134호,(지번) 공릉동 670-13
워시엔조이 망우점,서울 중랑구 봉우재로57길 58 1층,(지번) 망우동 509-52
24시셀프빨래방 이문점,서울 동대문구 한천로 429,(지번) 이문동 101-33
24시셀프빨래방 상봉역점,서울 중랑구 면목로92길 29,(지번) 상봉동 102-24
워시엔조이 셀프빨래방 태릉입구역점,서울 중랑구 동일로 952 1층,(지번) 묵동 169-12
런드리데이 석관점,서울 성북구 화랑로40길 38 신우빌딩 1층,(지번) 석관동 133-34
우리동네빨래방 상봉점,서울 중랑구 면목로95길 12,(지번) 상봉동 115-66
워시프렌즈 상봉역점,서울 중랑구 봉화산로30길 97 1층,(지번) 상봉동 314-17
크린업24 면목점,서울 중랑구 면목로78길 41,(지번) 면목동 97-10
중화동빨래방,서울 중랑구 봉화산로21길 14-8,(지번) 중화동 87-6
워시스토리 망우역점,서울 중랑구 상봉중앙로1다길 63 1층,(지번) 상봉동 279-100
셀프빨래방 상봉점,서울 중랑구 봉우재로 149,(지번) 상봉동 105-77
화이트365 태릉점,서울 중랑구 묵동 68-2,
크린업24 상봉점,서울 중랑구 봉화산로 112,(지번) 상봉동 222-35
셀프빨래방중랑하늘점,서울 중랑구 숙선옹주로5길 4-4,(지번) 묵동 113-1
셀빨래방 망우점,서울 중랑구 용마공원로 16,(지번) 망우동 408-1
런드리나인 중랑점,서울 중랑구 중랑천로 65,(지번) 면목동 198-29
워시쿱 신내동점,서울 중랑구 용마산로129나길 3 청기와빌딩 1층 103호,(지번) 신내동 391-4
뽀송뽀송코인워시,서울 중랑구 신내역로3길 8,(지번) 신내동 255-1
우리셀프빨래방협동조합,서울 중랑구 봉우재로 232,(지번) 망우동 460-27
